#create schema test;
DROP DATABASE IF EXISTS test;
CREATE DATABASE test;
use test;
#Create schema Draft_Iride2;
#use draft_iride2;


#Group 6

# Godwin Ndubuisi Ezeani
# Danasari Rajesh
# Kayithi snigdha
# Nallamotu Navya
# Paladugu Raja

Drop Table if Exists LocationSchedule;
Drop Table if Exists Schedule_;
Drop Table if Exists DriverBus;
Drop Table if Exists RouteLocation;
Drop Table if Exists Bus;
Drop Table if Exists Route;
Drop Table if Exists Logs_;
Drop Table if Exists Distance;
Drop Table if Exists Location;
Drop Table if Exists Customer;
Drop Table if Exists Employee;



Create Table Customer(
	CustomerID		Int Not Null auto_increment,
    FirstName		Varchar (20) Not Null,
    MiddleNmae 		varchar (20) Not Null,
    LAstName		Varchar (20) Not Null,
    Email			Varchar (30),
    Street			Varchar (50),
    City			Varchar (20),
    State			Varchar (20),
    ZIP				int,
    PhoneNumber	    Varchar(13) Not null,
    Date_created    varchar(15) not null,
    Last_changed	timestamp Not Null DEFAULT current_timestamp(),
    ActiveYN		Varchar (1),
    constraint CustomerPk primary key (CustomerID),
    constraint ActiveYN check(ActiveYN in  ('Y','N'))
);

Create Table Employee(
	EmployeeID 		Int Not Null auto_increment,
    FirstName		Varchar (20) Not Null,
    MiddleNmae 		varchar (20) Not Null,
    LAstName		Varchar (20) Not Null,
    Email			Varchar (70),
    Street			Varchar (50),
    City			Varchar (20),
    State			Varchar (20),
    ZIP				int,
    PhoneNumber		varchar(13) Not Null,
    DateHired		varchar(10),
    DOB				Varchar(10),
    EmployeeType	Varchar(1),
    Date_created    varchar(15) not null,
    Last_changed	timestamp Not Null DEFAULT current_timestamp(),
    ActiveYN		Varchar (1),
    constraint EmployeePk primary key (EmployeeID),
    constraint EmployeeTypeValues check(EmployeeType in  ('S','D','M'))
   --  constraint ActiveYN check(ActiveYN in  ('Y','N'))
);


Create Table Location(
	LocationID		Int Not Null auto_increment,
    Address			Varchar (100) Not Null,
    Date_created    varchar(15) not null,
    Last_changed	timestamp Not Null DEFAULT current_timestamp(),
    ActiveYN		Varchar (1),
    -- constraint ActiveYN check(ActiveYN in  ('Y','N')),
    constraint LocationPK primary key (LocationID)
);

Create Table Distance(
	DistanceID 		Int Not Null auto_increment,
    From_LocationID	Int Not null,
    To_LocationID	Int Not Null,
    Distance_Apart	Int, 
    Time_Apart		Int,
    Date_created    varchar(15) not null,
    Last_changed	timestamp Not Null DEFAULT current_timestamp(),
    ActiveYN		Varchar (1),
    constraint DistancePK primary key (DistanceID),
    -- constraint ActiveYN check(ActiveYN in  ('Y','N')),
    constraint DistanceFk1 foreign key (From_locationID) references Location (LocationID),
    constraint DistanceFk2 foreign key (To_locationID) references Location (LocationID)
);

Create Table Logs_(
	LogID			int Not Null auto_increment,
    LogTime			varchar(10) not null,
    RiderStatus		Varchar (15) Not Null,
    CustomerID		Int Not Null,
    DistanceID		Int Not Null,
    Date_created    varchar(15) not null,
    Last_changed	timestamp Not Null DEFAULT current_timestamp(),
    ActiveYN		Varchar (1),
    constraint LogsPK primary key (LogID),
    -- constraint ActiveYN check(ActiveYN in  ('Y','N')),
    constraint RiderStatus check(RiderStatus in  ('Completed','Waiting','Picked')),
    constraint LogsFK1 foreign key (CustomerID) references Customer (CustomerID),
    constraint LogsFk2 foreign key	(DistanceID) references Distance (DistanceID)
);

CREATE TABLE Route(
	RouteID		    Int not null auto_increment,
	RouteName		VARCHAR(20)	NOT NULL,
    Date_created    varchar(15) not null,
    Last_changed	timestamp Not Null DEFAULT current_timestamp(),
    ActiveYN		Varchar (1),
   --  constraint ActiveYN check(ActiveYN in  ('Y','N')),
	CONSTRAINT RoutePK PRIMARY KEY (RouteID));
    
Create Table Bus(
	BusID       Int Not Null auto_increment,
	Model		Varchar(20) Not Null,
    VinNumber   Varchar(50) Not Null,
    Date_created    varchar(15) not null,
    Last_changed	timestamp Not Null DEFAULT current_timestamp(),
    ActiveYN		Varchar (1),
   --  constraint ActiveYN check(ActiveYN in  ('Y','N')),
	constraint BusPK Primary Key (BusID)
);

Create Table RouteLocation(
RouteLocationID		int Not Null auto_increment,
LocationID			Int Not Null,
RouteID				Int Not Null,
Date_created    varchar(15) not null,
    Last_changed	timestamp Not Null DEFAULT current_timestamp(),
    ActiveYN		Varchar (1),
constraint RouteLocationPK primary key (RouteLocationID),
-- constraint ActiveYN check (ActiveYN in  ('Y','N')),
constraint RouteLocationFK1 foreign key (LocationID) references Location (LocationID),
constraint RouteLocationFk2 foreign key	(RouteID) references Route (RouteID)
);

Create Table DriverBus(
DriverBusID			Int Not Null auto_increment,
DriverID			Int Not Null,
BusID				Int Not Null,
Date_created    varchar(15) not null,
    Last_changed	timestamp Not Null DEFAULT current_timestamp(),
    ActiveYN		Varchar (1),
constraint DriverBusPK primary key (DriverBusID),
-- constraint ActiveYN check (ActiveYN in  ('Y','N')),
constraint DriverBusFK1 foreign key (DriverID) references Employee (EmployeeID),
constraint DriverBusFk2 foreign key	(BusID) references Bus (BusID)
);

Create Table Schedule_(
	ScheduleID		Int Not Null auto_increment,
    Times			varchar (10) Not Null,
    Date_created    varchar(15) not null,
    Last_changed	timestamp Not Null DEFAULT current_timestamp(),
    ActiveYN		Varchar (1),
    -- constraint ActiveYN check(ActiveYN in  ('Y','N')),
    constraint SchedulesPk primary key (ScheduleID)
);

Create Table LocationSchedule(
LocationScheduleID		int Not Null auto_increment,
RouteLocationID			Int Not Null,
ScheduleID				Int Not Null,
Bus_DirectionA			Int Not Null,
Bus_DirectionB			Int Not Null,
Date_created    varchar(15) not null,
    Last_changed	timestamp Not Null DEFAULT current_timestamp(),
    ActiveYN		Varchar (1),
constraint LocationSchedulePK primary key (LocationScheduleID),
-- constraint ActiveYN check(ActiveYN in  ('Y','N')),
constraint LocationScheduleFK1 foreign key (RouteLocationID) references RouteLocation (RouteLocationID),
constraint LocationScheduleFk2 foreign key	(ScheduleID) references Schedule_ (ScheduleID),
constraint LocationScheduleFK3 foreign key (Bus_DirectionA) references DriverBus (DriverBusID),
constraint LocationScheduleFk4 foreign key	(Bus_DirectionB) references DriverBus (DriverBusID)
);

 insert into Customer (customerid, firstname, middlenmae, lastname, email, street, city, state, zip, phonenumber, date_created, activeyn) values
(1, 'Ramona', 'Ebi', 'Sanbrook', 'rsanbrook0@slashdot.org', '5 Ilene Avenue', 'Jacksonville', 'Florida', '32209', '904-439-8352', '11/19/2022', 'Y'),
(2, 'Aurel', 'Fevers', 'Folling', 'afolling1@msu.edu', '683 Graceland Street', 'Roanoke', 'Virginia', '24020', '540-276-1314', '11/19/2022', 'Y'),
(3, 'Micky', 'O''Grada', 'Cowpe', 'mcowpe2@dailymail.co.uk', '08 Manufacturers Road', 'Houston', 'Texas', '77299', '713-880-6565', '11/19/2022', 'Y'),
(4, 'Caroline', 'Jedrych', 'Frostdicke', 'cfrostdicke3@123-reg.co.uk', '6092 Duke Junction', 'Washington', 'District of Columbia', '20530', '202-292-8283', '11/19/2022', 'Y'),
(5, 'Erminie', 'Ennion', 'Semered', 'esemered4@exblog.jp', '3021 Randy Court', 'Fort Lauderdale', 'Florida', '33315', '954-245-6168', '11/19/2022', 'Y'),
 (6, 'Helen', 'MacCaull', 'Kingzeth', 'hkingzeth5@g.co', '731 3rd Street', 'Miami', 'Florida', '33158', '305-883-6843', '11/19/2022', 'Y'),
 (7, 'Alexio', 'Odde', 'Bolzen', 'abolzen6@zdnet.com', '01833 Welch Center', 'Los Angeles', 'California', '90045', '650-234-7447', '11/19/2022', 'Y'),
 (8, 'Kirstin', 'Guyver', 'Shewery', 'kshewery7@google.co.uk', '40 Carpenter Circle', 'Saint Paul', 'Minnesota', '55103', '612-798-8380', '11/19/2022', 'Y'),
 (9, 'Maybelle', 'Baack', 'Hymor', 'mhymor8@wikipedia.org', '69628 Farmco Street', 'Sacramento', 'California', '94250', '916-768-7702', '11/19/2022', 'Y'),
 (10, 'Maddie', 'Malenfant', 'Callinan', 'mcallinan9@feedburner.com', '3991 Karstens Avenue', 'Sacramento', 'California', '95865', '916-210-5903', '11/19/2022', 'Y'),
 (11, 'Jerri', 'Lutwidge', 'Goodings', 'jgoodingsa@amazon.co.uk', '61613 Pankratz Plaza', 'Baltimore', 'Maryland', '21265', '410-592-8484', '11/19/2022', 'Y'),
 (12, 'Aileen', 'Burgett', 'Guyton', 'aguytonb@statcounter.com', '7646 2nd Alley', 'Burbank', 'California', '91520', '818-374-6033', '11/19/2022', 'Y'),
 (13, 'Dalton', 'Saffin', 'Butterfint', 'dbutterfintc@deviantart.com', '742 Arkansas Point', 'Mobile', 'Alabama', '36641', '251-478-3883', '11/19/2022', 'Y'),
 (14, 'Maia', 'Nystrom', 'Sloss', 'mslossd@a8.net', '26039 4th Crossing', 'Round Rock', 'Texas', '78682', '512-487-0489', '11/19/2022', 'Y'),
 (15, 'Sherlocke', 'Blazi', 'Tweedie', 'stweediee@reddit.com', '8069 Arkansas Park', 'Charlotte', 'North Carolina', '28263', '704-416-1209', '11/19/2022', 'Y'),
 (16, 'Constanta', 'Hutable', 'Witham', 'cwithamf@sun.com', '904 Spaight Center', 'Crawfordsville', 'Indiana', '47937', '765-419-7114', '11/19/2022', 'Y'),
 (17, 'Orrin', 'Madner', 'Poll', 'opollg@cbsnews.com', '618 Pearson Lane', 'Lexington', 'Kentucky', '40591', '859-386-9695', '11/19/2022', 'N');
 (18, 'Jamill', 'Bransom', 'Goodge', 'jgoodgeh@dedecms.com', '9 Dapin Hill', 'Paterson', 'New Jersey', '07522', '201-469-4658', '11/19/2022', 'Y'),
 (19, 'Yorker', 'Stronack', 'Matkovic', 'ymatkovici@elpais.com', '59 Kings Parkway', 'Miami', 'Florida', '33283', '305-112-2734', '11/19/2022', 'N');
 (20, 'Frants', 'Khidr', 'Dawkes', 'fdawkesj@tripadvisor.com', '1 Eastwood Hill', 'Wilmington', 'Delaware', '19892', '302-876-2674', '11/19/2022', 'Y');


insert into Employee (employeeid, firstname, middlenmae, lastname, email, street, city, state, zip, phonenumber, datehired, dob, employeetype, date_created, activeyn) values 
(1, 'Garv', 'Castel', 'Field', 'gfield0@ebay.co.uk', '98731 Clove Terrace', 'Providence', 'Rhode Island', '02912', '401-123-4051', '11/23/2021', '2/26/2022', 'D', '11/20/2022', 'Y'),
 (2, 'Abel', 'Midlane', 'Caro', 'acaro1@fc2.com', '2 Comanche Park', 'Washington', 'District of Columbia', '20099', '202-750-2018', '6/22/2022', '5/9/2015', 'D', '11/20/2022', 'Y'),
 (3, 'Tarra', 'Scarr', 'Emmitt', 'temmitt2@adobe.com', '50 Schmedeman Park', 'Honolulu', 'Hawaii', '96810', '808-163-6621', '11/12/2022', '3/27/1996', 'D', '11/20/2022', 'Y'),
 (4, 'Sib', 'Dorwood', 'Salisbury', 'ssalisbury3@storify.com', '5 Hagan Crossing', 'Cincinnati', 'Ohio', '45296', '513-995-0958', '3/15/2022', '10/24/1991', 'D', '11/20/2022', 'Y'),
 (5, 'Myrtia', 'Keech', 'Galia', 'mgalia4@cisco.com', '030 Rusk Alley', 'Pittsburgh', 'Pennsylvania', '15266', '-184-1617', '4/21/2022', '11/23/2015', 'D', '11/20/2022', 'Y'),
 (6, 'Fransisco', 'Castagneto', 'Loosmore', 'floosmore5@ox.ac.uk', '731 Packers Street', 'Fort Worth', 'Texas', '76105', '817-469-3914', '5/24/2022', '11/12/1997', 'D', '11/20/2022', 'Y'),
 (7, 'Byrann', 'Bassom', 'Flintoff', 'bflintoff6@biglobe.ne.jp', '6081 Cascade Center', 'Racine', 'Wisconsin', '53405', '262-447-6820', '12/29/2021', '3/30/1995', 'D', '11/20/2022', 'Y'),
 (8, 'Mickie', 'Lile', 'Starr', 'mstarr7@omniture.com', '6 Columbus Avenue', 'San Francisco', 'California', '94121', '415-302-2045', '6/11/2022', '8/27/2019', 'D', '11/20/2022', 'Y'),
 (9, 'Debee', 'Limbert', 'Byway', 'dbyway8@huffingtonpost.com', '30 Bartillon Pass', 'Lansing', 'Michigan', '48919', '517-568-8575', '9/16/2022', '4/19/1995', 'D', '11/20/2022', 'Y'),
 (10, 'Veronica', 'Peppard', 'Morican', 'vmorican9@github.io', '131 Debra Road', 'Des Moines', 'Iowa', '50347', '515-859-1742', '7/8/2022', '11/19/1995', 'D', '11/20/2022', 'Y'),
 (11, 'Jesse', 'Scoffins', 'MacLaverty', 'jmaclavertya@unesco.org', '3 Algoma Avenue', 'Aiken', 'South Carolina', '29805', '803-599-2741', '6/20/2022', '10/26/1999', 'D', '11/20/2022', 'Y'),
 (12, 'Gaston', 'Francescuzzi', 'Seville', 'gsevilleb@furl.net', '15828 Shopko Circle', 'Minneapolis', 'Minnesota', '55423', '218-645-6213', '10/18/2022', '2/21/2021', 'D', '11/20/2022', 'Y'),
 (13, 'Pammy', 'Shallcross', 'Duckitt', 'pduckittc@economist.com', '34487 Doe Crossing Lane', 'Columbia', 'South Carolina', '29225', '803-840-8228', '4/4/2022', '2/7/2019', 'D', '11/20/2022', 'Y'),
 (14, 'Sadella', 'Horbath', 'Dibbs', 'sdibbsd@livejournal.com', '29 Schurz Hill', 'Tampa', 'Florida', '33680', '813-233-2421', '11/16/2022', '6/14/2004', 'D', '11/20/2022', 'Y'),
 (15, 'Caria', 'Fullicks', 'Dimond', 'cdimonde@google.fr', '40 Golf Course Trail', 'New York City', 'New York', '10110', '212-371-7527', '7/20/2022', '9/21/1998', 'D', '11/20/2022', 'Y'),
 (16, 'Odilia', 'Brisard', 'Backsal', 'obacksalf@php.net', '529 Northland Court', 'El Paso', 'Texas', '88553', '915-670-0669', '7/14/2022', '9/7/2007', 'D', '11/20/2022', 'Y'),
 (17, 'Jody', 'Rubroe', 'Ibbott', 'jibbottg@slashdot.org', '67289 Pawling Street', 'Honolulu', 'Hawaii', '96835', '808-458-4332', '3/7/2022', '12/29/1991', 'D', '11/20/2022', 'Y'),
 (18, 'Cello', 'De Ortega', 'Spacy', 'cspacyh@wiley.com', '14 Oneill Pass', 'Buffalo', 'New York', '14269', '716-258-8389', '8/23/2022', '10/11/2018', 'D', '11/20/2022', 'Y'),
 (19, 'Shandeigh', 'Westgarth', 'Mulvy', 'smulvyi@amazon.co.uk', '0 Ramsey Street', 'Washington', 'District of Columbia', '20540', '202-237-3563', '9/28/2022', '1/29/1992', 'D', '11/20/2022', 'Y'),
 (20, 'Caz', 'Brave', 'Garmon', 'cgarmonj@canalblog.com', '0401 Maywood Trail', 'Oklahoma City', 'Oklahoma', '73124', '405-287-5887', '8/6/2022', '7/11/2010', 'D', '11/20/2022', 'Y'),
 (21, 'Merle', 'Donati', 'Harrigan', 'mharrigank@dell.com', '37 Alpine Court', 'Charlotte', 'North Carolina', '28256', '704-906-0442', '8/7/2022', '6/29/2020', 'D', '11/20/2022', 'Y'),
 (22, 'Doralynn', 'Placidi', 'Baudinet', 'dbaudinetl@nationalgeographic.com', '5089 Katie Plaza', 'Indianapolis', 'Indiana', '46295', '317-759-6813', '2/24/2022', '11/12/2003', 'D', '11/20/2022', 'Y'),
 (23, 'Lorant', 'Kier', 'Bittany', 'lbittanym@amazonaws.com', '43151 Cottonwood Lane', 'Billings', 'Montana', '59105', '406-533-2894', '3/11/2022', '9/7/2022', 'D', '11/20/2022', 'Y'),
 (24, 'Nobe', 'Accomb', 'Meenan', 'nmeenann@marriott.com', '92676 Eliot Pass', 'El Paso', 'Texas', '79945', '915-312-0498', '12/2/2021', '11/17/2004', 'D', '11/20/2022', 'Y'),
 (25, 'Zsa zsa', 'Jessup', 'Pennrington', 'zpennringtono@icq.com', '3 Marcy Drive', 'Delray Beach', 'Florida', '33448', '561-722-5849', '8/9/2022', '7/14/1995', 'D', '11/20/2022', 'Y'),
 (26, 'Nico', 'Petrulis', 'Shotboult', 'nshotboultp@craigslist.org', '66 Carpenter Drive', 'Salem', 'Oregon', '97306', '503-552-6770', '1/7/2022', '6/10/2015', 'D', '11/20/2022', 'Y'),
 (27, 'Maximilien', 'Isaacson', 'Ilieve', 'milieveq@lulu.com', '310 Manley Road', 'Jefferson City', 'Missouri', '65110', '573-205-3295', '7/4/2022', '8/1/1991', 'D', '11/20/2022', 'Y'),
 (28, 'Kenna', 'Herrieven', 'Trotman', 'ktrotmanr@oracle.com', '1 Barby Way', 'Sioux Falls', 'South Dakota', '57198', '605-457-5984', '11/6/2022', '12/15/2014', 'D', '11/20/2022', 'Y'),
 (29, 'Stephani', 'McQuillan', 'Toyne', 'stoynes@pen.io', '719 Farragut Place', 'New Haven', 'Connecticut', '06533', '203-365-7098', '6/10/2022', '6/30/1991', 'D', '11/20/2022', 'Y'),
 (30, 'Ansley', 'Gullefant', 'Kinder', 'akindert@engadget.com', '0044 Lunder Road', 'Fort Worth', 'Texas', '76110', '682-100-7557', '5/19/2022', '11/28/2016', 'D', '11/20/2022', 'Y'),
 (31, 'Tricia', 'Oultram', 'Hovenden', 'thovendenu@wsj.com', '2 Valley Edge Junction', 'Trenton', 'New Jersey', '08650', '609-363-5669', '9/5/2022', '10/8/2015', 'D', '11/20/2022', 'Y'),
 (32, 'Jobie', 'Flecknoe', 'Justham', 'jjusthamv@wufoo.com', '2 Heffernan Drive', 'Houston', 'Texas', '77288', '713-238-4890', '4/9/2022', '10/7/1996', 'D', '11/20/2022', 'Y'),
 (33, 'Faye', 'Bridgement', 'Kenn', 'fkennw@plala.or.jp', '81 Iowa Parkway', 'Mc Keesport', 'Pennsylvania', '15134', '412-447-6366', '12/11/2021', '11/2/2005', 'D', '11/20/2022', 'Y'),
 (34, 'Tiffanie', 'Joblin', 'Mammatt', 'tmammattx@slideshare.net', '9 Everett Terrace', 'Washington', 'District of Columbia', '20088', '202-895-8831', '8/13/2022', '1/26/1997', 'D', '11/20/2022', 'Y'),
 (35, 'Darice', 'Gilmour', 'Bithell', 'dbithelly@washington.edu', '74818 Pennsylvania Court', 'Springfield', 'Ohio', '45505', '937-833-1663', '9/3/2022', '9/30/1991', 'D', '11/20/2022', 'Y'),
 (36, 'Florrie', 'Northcott', 'Simoni', 'fsimoniz@clickbank.net', '71848 Lyons Way', 'Fullerton', 'California', '92640', '559-689-8262', '5/25/2022', '11/25/1992', 'D', '11/20/2022', 'Y'),
 (37, 'Elmore', 'Sircombe', 'Lammiman', 'elammiman10@friendfeed.com', '18 Ilene Junction', 'Tacoma', 'Washington', '98481', '253-471-8131', '3/27/2022', '4/24/2002', 'D', '11/20/2022', 'Y'),
 (38, 'Nita', 'Aylmer', 'Goshawke', 'ngoshawke11@ameblo.jp', '39 Parkside Plaza', 'Dayton', 'Ohio', '45490', '937-325-7631', '4/26/2022', '10/11/1998', 'D', '11/20/2022', 'Y'),
 (39, 'Allard', 'Troughton', 'Crepel', 'acrepel12@youtube.com', '266 Crowley Crossing', 'Seattle', 'Washington', '98148', '253-855-9181', '12/9/2021', '1/24/1994', 'D', '11/20/2022', 'Y'),
 (40, 'Si', 'Bothen', 'Deplacido', 'sdeplacido13@google.es', '32 Waywood Lane', 'Wilmington', 'Delaware', '19892', '302-817-1547', '8/6/2022', '12/18/1994', 'S', '11/20/2022', 'Y'),
 (41, 'Gertrud', 'Rasell', 'Paris', 'gparis14@phpbb.com', '9 Ronald Regan Circle', 'Washington', 'District of Columbia', '20244', '202-794-9322', '5/21/2022', '5/9/2019', 'S', '11/20/2022', 'Y'),
 (42, 'Rich', 'Follen', 'Liddyard', 'rliddyard15@blinklist.com', '46549 Killdeer Drive', 'Palm Bay', 'Florida', '32909', '321-477-4914', '3/26/2022', '7/23/2011', 'S', '11/20/2022', 'Y'),
 (43, 'Lonnie', 'Cornewall', 'Willbond', 'lwillbond16@si.edu', '91 Vernon Court', 'Shawnee Mission', 'Kansas', '66276', '913-911-7501', '8/4/2022', '8/3/2009', 'S', '11/20/2022', 'Y'),
 (44, 'Jacinda', 'Boshier', 'Goneau', 'jgoneau17@netvibes.com', '800 Sloan Alley', 'North Port', 'Florida', '34290', '941-838-1645', '4/28/2022', '3/21/2008', 'S', '11/20/2022', 'Y'),
 (45, 'Laurette', 'Batcheldor', 'Gammell', 'lgammell18@cargocollective.com', '8356 Crescent Oaks Pass', 'Kansas City', 'Missouri', '64199', '816-592-9812', '2/23/2022', '4/12/1991', 'S', '11/20/2022', 'Y'),
 (46, 'Marcellina', 'Dalglish', 'Pyott', 'mpyott19@nature.com', '53463 Darwin Crossing', 'Warren', 'Michigan', '48092', '586-848-4737', '3/9/2022', '2/15/2004', 'M', '11/20/2022', 'Y'),
 (47, 'Dale', 'Lillyman', 'Klima', 'dklima1a@google.com.hk', '08 Ridge Oak Plaza', 'Jacksonville', 'Florida', '32277', '904-832-8686', '3/11/2022', '1/6/1998', 'M', '11/20/2022', 'Y'),
 (48, 'Hertha', 'Twinbourne', 'Caffrey', 'hcaffrey1b@canalblog.com', '112 Manitowish Lane', 'Shreveport', 'Louisiana', '71130', '318-233-2161', '1/4/2022', '3/6/2014', 'M', '11/20/2022', 'Y'),
 (49, 'Pincas', 'Balogh', 'Gellately', 'pgellately1c@barnesandnoble.com', '9 Nevada Drive', 'Detroit', 'Michigan', '48232', '313-334-4244', '2/4/2022', '4/23/2002', 'M', '11/20/2022', 'Y'),
 (50, 'Guido', 'Peagram', 'Vesty', 'gvesty1d@ycombinator.com', '8 Pierstorff Street', 'El Paso', 'Texas', '88514', '915-642-8199', '8/28/2022', '6/27/1993', 'M', '11/20/2022', 'Y');

insert into Location (locationid, address, date_created, activeyn) values
 (1, '4 Brown Court', '2/2/2022', 'Y'),
 (2, '8425 Vermont Way', '1/31/2022', 'Y'),
 (3, '93737 Elka Street', '4/27/2022', 'Y'),
 (4, '35 Corben Junction', '6/16/2022', 'Y'),
 (5, '6987 Donald Way', '9/5/2022', 'Y'),
 (6, '0 Farmco Court', '3/24/2022', 'Y'),
 (7, '020 Eastlawn Terrace', '11/19/2022', 'Y'),
 (8, '4300 Westend Place', '9/15/2022', 'Y'),
 (9, '8 Grim Lane', '2/26/2022', 'Y'),
 (10, '639 Merchant Drive', '10/17/2022', 'Y'),
 (11, '47 Crownhardt Circle', '5/14/2022', 'Y'),
 (12, '6222 Meadow Vale Pass', '3/14/2022', 'Y'),
 (13, '6 Westridge Street', '1/4/2022', 'Y'),
 (14, '038 Trailsway Street', '9/28/2022', 'Y'),
 (15, '499 Troy Road', '12/20/2021', 'Y'),
 (16, '91335 Shopko Plaza', '10/13/2022', 'Y'),
 (17, '4 Moulton Plaza', '12/30/2021', 'Y'),
 (18, '943 Miller Center', '2/7/2022', 'Y'),
 (19, '1947 Maple Lane', '4/22/2022', 'Y'),
 (20, '112 Onsgard Place', '7/11/2022', 'Y');

insert into Distance (distanceid, from_locationid, to_locationid, distance_apart, time_apart, date_created, activeyn) values 
(1, 1, 1, 0, 0, '11/20/2022', 'Y'),
 (2, 1, 2, 1, 15, '11/20/2022', 'Y'),
 (3, 1, 3, 2, 30, '11/20/2022', 'Y'),
 (4, 1, 4, 3, 45, '11/20/2022', 'Y'),
 (5, 2, 1, 1, 15, '11/20/2022', 'Y'),
 (6, 2, 2, 0, 0, '11/20/2022', 'Y'),
 (7, 2, 3, 1, 15, '11/20/2022', 'Y'),
 (8, 2, 4, 2, 30, '11/20/2022', 'Y'),
 (9, 3, 1, 2, 30, '11/20/2022', 'Y'),
 (10, 3, 2, 1, 15, '11/20/2022', 'Y'),
 (11, 3, 3, 0, 0, '11/20/2022', 'Y'),
 (12, 3, 4, 1, 15, '11/20/2022', 'Y'),
 (13, 4, 1, 3, 45, '11/20/2022', 'Y'),
 (14, 4, 2, 2, 30, '11/20/2022', 'Y'),
 (15, 4, 3, 1, 15, '11/20/2022', 'Y'),
 (16, 4, 4, 0, 0, '11/20/2022', 'Y'),

 (17, 5, 5, 0, 0, '11/20/2022', 'Y'),
 (18, 5, 6, 1, 15, '11/20/2022', 'Y'),
 (19, 5, 7, 2, 30, '11/20/2022', 'Y'),
 (20, 5, 8, 3, 45, '11/20/2022', 'Y'),
 (21, 6, 5, 1, 15, '11/20/2022', 'Y'),
 (22, 6, 6, 0, 0, '11/20/2022', 'Y'),
 (23, 6, 7, 1, 15, '11/20/2022', 'Y'),
 (24, 6, 8, 2, 30, '11/20/2022', 'Y'),
 (25, 7, 5, 2, 30, '11/20/2022', 'Y'),
 (26, 7, 6, 1, 15, '11/20/2022', 'Y'),
 (27, 7, 7, 0, 0, '11/20/2022', 'Y'),
 (28, 7, 8, 1, 15, '11/20/2022', 'Y'),
 (29, 8, 5, 3, 45, '11/20/2022', 'Y'),
 (30, 8, 6, 2, 30, '11/20/2022', 'Y'),
 (31, 8, 7, 1, 15, '11/20/2022', 'Y'),
 (32, 8, 8, 0, 0, '11/20/2022', 'Y'),

 (33, 9, 9, 0, 0, '11/20/2022', 'Y'),
 (34, 9, 10, 1, 15, '11/20/2022', 'Y'),
 (35, 9, 11, 2, 30, '11/20/2022', 'Y'),
 (36, 9, 12, 3, 45, '11/20/2022', 'Y'),
 (37, 10, 9, 1, 15, '11/20/2022', 'Y'),
 (38, 10, 10, 0, 0, '11/20/2022', 'Y'),
 (39, 10, 11, 1, 15, '11/20/2022', 'Y'),
 (40, 10, 12, 2, 30, '11/20/2022', 'Y'),
 (41, 11, 9, 2, 30, '11/20/2022', 'Y'),
 (42, 11, 10, 1, 15, '11/20/2022', 'Y'),
 (43, 11, 11, 0, 0, '11/20/2022', 'Y'),
 (44, 11, 12, 1, 15, '11/20/2022', 'Y'),
 (45, 12, 9, 3, 45, '11/20/2022', 'Y'),
 (46, 12, 10, 2, 30, '11/20/2022', 'Y'),
 (47, 12, 11, 1, 15, '11/20/2022', 'Y'),
 (48, 12, 12, 0, 0, '11/20/2022', 'Y'),

 (49, 13, 13, 0, 0, '11/20/2022', 'Y'),
 (50, 13, 14, 1, 15, '11/20/2022', 'Y'),
 (51, 13, 15, 2, 30, '11/20/2022', 'Y'),
 (52, 13, 16, 3, 45, '11/20/2022', 'Y'),
 (53, 14, 13, 1, 15, '11/20/2022', 'Y'),
 (54, 14, 14, 0, 0, '11/20/2022', 'Y'),
 (55, 14, 15, 1, 15, '11/20/2022', 'Y'),
 (56, 14, 16, 2, 30, '11/20/2022', 'Y'),
 (57, 15, 13, 2, 30, '11/20/2022', 'Y'),
 (58, 15, 14, 1, 15, '11/20/2022', 'Y'),
 (59, 15, 15, 0, 0, '11/20/2022', 'Y'),
 (60, 15, 16, 1, 15, '11/20/2022', 'Y'),
 (61, 16, 13, 3, 45, '11/20/2022', 'Y'),
 (62, 16, 14, 2, 30, '11/20/2022', 'Y'),
 (63, 16, 15, 1, 15, '11/20/2022', 'Y'),
 (64, 16, 16, 0, 0, '11/20/2022', 'Y');

insert into logs_ (logid, logtime, riderstatus, customerid, distanceid, date_created, activeyn) values 
(1, '1:41 AM', 'Picked', 1, 5, '8/5/2022', 'Y'),
(2, '6:03 AM', 'Picked', 14, 15, '5/14/2022', 'Y'),
(3, '6:38 AM', 'Completed', 4, 10, '12/27/2021', 'N');
(4, '11:08 PM', 'Picked', 14, 13, '8/22/2022', 'Y'),
(5, '7:35 AM', 'Completed', 10, 8, '5/17/2022', 'N');
(6, '6:31 PM', 'Waiting', 1, 8, '11/16/2022', 'Y'),
(7, '7:26 AM', 'Picked', 4, 4, '11/10/2022', 'Y'),
(8, '4:00 AM', 'Completed', 3, 8, '10/2/2022', 'N');
(9, '1:17 AM', 'Picked', 10, 8, '11/13/2022', 'Y'),
(10, '10:08 AM', 'Completed', 14, 3, '5/8/2022', 'N');
(11, '3:31 PM', 'Picked', 13, 16, '9/16/2022', 'Y'),
(12, '12:34 PM', 'Waiting', 1, 4, '9/12/2022', 'Y'),
(13, '8:51 PM', 'Completed', 2, 14, '10/18/2022', 'N');
(14, '10:06 PM', 'Waiting', 3, 12, '2/2/2022', 'Y'),
(15, '2:46 PM', 'Completed', 1, 16, '7/12/2022', 'N');
(16, '4:02 AM', 'Waiting', 13, 12, '3/18/2022', 'Y'),
(17, '6:39 AM', 'Completed', 5, 5, '4/9/2022', 'N');
(18, '6:50 PM', 'Waiting', 8, 6, '3/1/2022', 'Y'),
(19, '9:46 AM', 'Completed', 4, 14, '9/27/2022', 'N');
(20, '10:27 PM', 'Picked', 4, 15, '5/3/2022', 'Y');


insert into route (routeid, routename, date_created, activeyn) values
 (2, 'bluegrass', '11/3/2022', 'Y'),
 (3, 'Issabellaroad', '11/3/2022', 'Y'),
 (1, 'Deerfield', '11/3/2022', 'Y'),
 (4, 'Broomfield', '11/3/2022', 'Y');


insert into Bus (busid, model, vinnumber, date_created, activeyn) values 
(1, 'Vulkswagen', '1G6KD54Y81U990046', '11/20/2022', 'Y'),
(2, 'Vulkswagen', '1C6RD6FP1CS496171', '11/20/2022', 'Y'),
(3, 'CAT', 'WBAPK7C57AA691562', '11/20/2022', 'Y'),
(4, 'CAT', 'WBAEK13436C712141', '11/20/2022', 'Y'),
(5, 'Vulkswagen', '1G4GG5E39DF084859', '11/20/2022', 'Y'),
(6, 'Toyota', '2C4JDGAGXCR440699', '11/20/2022', 'Y'),
(7, 'Toyota', '1GYS4SKJ8FR103020', '11/20/2022', 'Y'),
(8, 'Toyota', '1G6KD54Y44U849494', '11/20/2022', 'Y'),
(9, 'Vulkswagen', '1G6KD57Y81U107767', '11/20/2022', 'Y'),
(10, 'Mercedes', '3N1CE2CP8FL112630', '11/20/2022', 'Y'),
(11, 'Toyota', '4T1BK1EB4EU176791', '11/20/2022', 'Y'),
(12, 'Vulkswagen', '1GD311CG3FF075303', '11/20/2022', 'Y'),
(13, 'Mercedes', '1G4HR54K22U163354', '11/20/2022', 'Y'),
(14, 'Vulkswagen', '2LMHJ5ARXAB711943', '11/20/2022', 'Y'),
(15, 'Toyota', '5FRYD3H99GB825380', '11/20/2022', 'Y'),
(16, 'Toyota', '1G6KD54Y41U676121', '11/20/2022', 'Y'),
(17, 'Toyota', 'SCFEFBBC7AG591333', '11/20/2022', 'Y'),
(18, 'Mercedes', '2G4WB55K331619773', '11/20/2022', 'Y'),
(19, 'Mercedes', '3VWKX7AJ0AM806596', '11/20/2022', 'Y'),
(20, 'CAT', 'WBAVC73518A952277', '11/20/2022', 'Y'),
(21, 'Toyota', '1D7CW3GK4AS332104', '11/20/2022', 'Y'),
(22, 'Vulkswagen', 'WAUBVAFB3BN661260', '11/20/2022', 'Y'),
(23, 'Toyota', '1N6AF0KY2EN383596', '11/20/2022', 'Y'),
(24, 'Toyota', '3G5DA03L96S193147', '11/20/2022', 'Y'),
(25, 'CAT', '4JGDA2EB9EA304560', '11/20/2022', 'Y'),
(26, 'Mercedes', '3GYEK62N96G890279', '11/20/2022', 'Y'),
(27, 'CAT', 'JH4KA96594C650669', '11/20/2022', 'Y'),
(28, 'Vulkswagen', '1G4GA5GC6BF635826', '11/20/2022', 'Y'),
(29, 'Toyota', '2G4GR5ER0D9990325', '11/20/2022', 'Y'),
(30, 'Toyota', '3LN6L2G98DR273772', '11/20/2022', 'Y'),
(31, 'CAT', '3N1BC1APXBL030374', '11/20/2022', 'Y'),
(32, 'Toyota', 'KMHDB8AE7AU324606', '11/20/2022', 'Y'),
(33, 'Vulkswagen', '4T1BF1FK2CU576994', '11/20/2022', 'N'),
(34, 'CAT', 'WAU3VAFR9BA522713', '11/20/2022', 'N'),
(35, 'Toyota', '2C3CCAJT0CH097546', '11/20/2022', 'N');

insert into RouteLocation (routelocationid, locationid, routeid, date_created, activeyn) values
 (1, 1, 1, '11/20/2022', 'Y'),
 (2, 2, 1, '11/20/2022', 'Y'),
 (3, 3, 1, '11/20/2022', 'Y'),
 (4, 4, 1, '11/20/2022', 'Y'),
 (5, 1, 2, '11/20/2022', 'Y'),
 (6, 2, 2, '11/20/2022', 'Y'),
 (7, 3, 2, '11/20/2022', 'Y'),
 (8, 4, 2, '11/20/2022', 'Y'),
 (9, 1, 3, '11/20/2022', 'Y'),
 (10, 2, 3, '11/20/2022', 'Y'),
 (11, 3, 3, '11/20/2022', 'Y'),
 (12, 4, 3, '11/20/2022', 'Y'),
 (13, 1, 4, '11/20/2022', 'Y'),
 (14, 2, 4, '11/20/2022', 'Y'),
 (15, 3, 4, '11/20/2022', 'Y'),
 (16, 4, 4, '11/20/2022', 'Y');

insert into DriverBus (driverbusid, driverid, busid, date_created, activeyn) values
 (1, 1, 1, '11/20/2022', 'y'),
 (2, 2, 2, '11/20/2022', 'y'),
 (3, 3, 3, '11/20/2022', 'y'),
 (4, 4, 4, '11/20/2022', 'y'),
 (5, 5, 5, '11/20/2022', 'y'),
 (6, 6, 6, '11/20/2022', 'y'),
 (7, 7, 7, '11/20/2022', 'y'),
 (8, 8, 8, '11/20/2022', 'y'),
 (9, 9, 9, '11/20/2022', 'y'),
 (10, 10, 10, '11/20/2022', 'y'),
 (11, 11, 11, '11/20/2022', 'y'),
 (12, 12, 12, '11/20/2022', 'y'),
 (13, 13, 13, '11/20/2022', 'y'),
 (14, 14, 14, '11/20/2022', 'y'),
 (15, 15, 15, '11/20/2022', 'y'),
 (16, 16, 16, '11/20/2022', 'y'),
 (17, 17, 17, '11/20/2022', 'y'),
 (18, 18, 18, '11/20/2022', 'y'),
 (19, 19, 19, '11/20/2022', 'y'),
 (20, 20, 20, '11/20/2022', 'y'),
 (21, 21, 21, '11/20/2022', 'y'),
 (22, 22, 22, '11/20/2022', 'y'),
 (23, 23, 23, '11/20/2022', 'y'),
 (24, 24, 24, '11/20/2022', 'y'),
 (25, 25, 25, '11/20/2022', 'y'),
 (26, 26, 26, '11/20/2022', 'y'),
 (27, 27, 27, '11/20/2022', 'y'),
 (28, 28, 28, '11/20/2022', 'y'),
 (29, 29, 29, '11/20/2022', 'y'),
 (30, 30, 30, '11/20/2022', 'y'),
 (31, 31, 31, '11/20/2022', 'y'),
 (32, 32, 32, '11/20/2022', 'y'),
 (33, 33, 33, '11/20/2022', 'n'),
 (34, 34, 34, '11/20/2022', 'n'),
 (35, 35, 35, '11/20/2022', 'n');


insert into schedule_ (ScheduleID, Times, date_created, activeyn) Values  
(1, 600, '11/20/2022', 'Y'),
(2, 615, '11/20/2022', 'Y'),
(3, 630, '11/20/2022', 'Y'),
(4, 645, '11/20/2022', 'Y'),
(5, 700, '11/20/2022', 'Y'),
(6, 715, '11/20/2022', 'Y'),
(7, 730, '11/20/2022', 'Y'),
(8, 745, '11/20/2022', 'Y'),
(9, 800, '11/20/2022', 'Y'),
(10, 815, '11/20/2022', 'Y'),
(11, 830, '11/20/2022', 'Y'),
(12, 845, '11/20/2022', 'Y'),
(13, 900, '11/20/2022', 'Y'),
(14, 915, '11/20/2022', 'Y'),
(15, 930, '11/20/2022', 'Y'),
(16, 945, '11/20/2022', 'Y'),
(17, 1000, '11/20/2022', 'Y'),
(18, 1015, '11/20/2022', 'Y'),
(19, 1030, '11/20/2022', 'Y'),
(20, 1045, '11/20/2022', 'Y'),
(21, 1100, '11/20/2022', 'Y'),
(22, 1115, '11/20/2022', 'Y'),
(23, 1130, '11/20/2022', 'Y'),
(24, 1145, '11/20/2022', 'Y'),
(25, 1200, '11/20/2022', 'Y'),
(26, 1215, '11/20/2022', 'Y'),
(27, 1230, '11/20/2022', 'Y'),
(28, 1245, '11/20/2022', 'Y'),
(29, 1300, '11/20/2022', 'Y'),
(30, 1315, '11/20/2022', 'Y'),
(31, 1330, '11/20/2022', 'Y'),
(32, 1345, '11/20/2022', 'Y'),
(33, 1400, '11/20/2022', 'Y'),
(34, 1415, '11/20/2022', 'Y'),
(35, 1430, '11/20/2022', 'Y'),
(36, 1445, '11/20/2022', 'Y'),
(37, 1500, '11/20/2022', 'Y'),
(38, 1515, '11/20/2022', 'Y'),
(39, 1530, '11/20/2022', 'Y'),
(40, 1545, '11/20/2022', 'Y'),
(41, 1600, '11/20/2022', 'Y'),
(42, 1615, '11/20/2022', 'Y'),
(43, 1630, '11/20/2022', 'Y'),
(44, 1645, '11/20/2022', 'Y'),
(45, 1700, '11/20/2022', 'Y'),
(46, 1715, '11/20/2022', 'Y'),
(47, 1730, '11/20/2022', 'Y'),
(48, 1745, '11/20/2022', 'Y'),
(49, 1800, '11/20/2022', 'Y'),
(50, 1815, '11/20/2022', 'Y'),
(51, 1830, '11/20/2022', 'Y'),
(52, 1845, '11/20/2022', 'Y'),
(53, 1900, '11/20/2022', 'Y'),
(54, 1915, '11/20/2022', 'Y'),
(55, 1930, '11/20/2022', 'Y'),
(56, 1945, '11/20/2022', 'Y'),
(57, 2000, '11/20/2022', 'Y'),
(58, 2015, '11/20/2022', 'Y'),
(59, 2030, '11/20/2022', 'Y'),
(60, 2045, '11/20/2022', 'Y'),
(61, 2100, '11/20/2022', 'Y'),
(62, 2115, '11/20/2022', 'Y'),
(63, 2130, '11/20/2022', 'Y'),
(64, 2145, '11/20/2022', 'Y'),


insert into locationschedule (LocationScheduleID, RouteLocationID, ScheduleID, Bus_DirectionA, Bus_DirectionB, date_created, activeyn) Values  
(1, 1, 1, 1, 5, '11/20/2022', 'Y'),
(2, 1, 2, 2, 6, '11/20/2022', 'Y'),
(3, 1, 3, 3, 7, '11/20/2022', 'Y'),
(4, 1, 4, 4, 8, '11/20/2022', 'Y'),
(5, 1, 5, 1, 5, '11/20/2022', 'Y'),
(6, 1, 6, 2, 6, '11/20/2022', 'Y'),
(7, 1, 7, 3, 7, '11/20/2022', 'Y'),
(8, 1, 8, 4, 8, '11/20/2022', 'Y'),
(9, 1, 9, 1, 5, '11/20/2022', 'Y'),
(10, 1, 10, 2, 6, '11/20/2022', 'Y'),
(11, 1, 11, 3, 7, '11/20/2022', 'Y'),
(12, 1, 12, 4, 8, '11/20/2022', 'Y'),
(13, 1, 13, 1, 5, '11/20/2022', 'Y'),
(14, 1, 14, 2, 6, '11/20/2022', 'Y'),
(15, 1, 15, 3, 7, '11/20/2022', 'Y'),
(16, 1, 16, 4, 8, '11/20/2022', 'Y'),
(17, 1, 17, 1, 5, '11/20/2022', 'Y'),
(18, 1, 18, 2, 6, '11/20/2022', 'Y'),
(19, 1, 19, 3, 7, '11/20/2022', 'Y'),
(20, 1, 20, 4, 8, '11/20/2022', 'Y'),
(21, 1, 21, 1, 5, '11/20/2022', 'Y'),
(22, 1, 22, 2, 6, '11/20/2022', 'Y'),
(23, 1, 23, 3, 7, '11/20/2022', 'Y'),
(24, 1, 24, 4, 8, '11/20/2022', 'Y'),
(25, 1, 25, 1, 5, '11/20/2022', 'Y'),
(26, 1, 26, 2, 6, '11/20/2022', 'Y'),
(27, 1, 27, 3, 7, '11/20/2022', 'Y'),
(28, 1, 28, 4, 8, '11/20/2022', 'Y'),
(29, 1, 29, 1, 5, '11/20/2022', 'Y'),
(30, 1, 30, 2, 6, '11/20/2022', 'Y'),
(31, 1, 31, 3, 7, '11/20/2022', 'Y'),
(32, 1, 32, 4, 8, '11/20/2022', 'Y'),
(33, 1, 33, 1, 5, '11/20/2022', 'Y'),
(34, 1, 34, 2, 6, '11/20/2022', 'Y'),
(35, 1, 35, 3, 7, '11/20/2022', 'Y'),
(36, 1, 36, 4, 8, '11/20/2022', 'Y'),
(37, 1, 37, 1, 5, '11/20/2022', 'Y'),
(38, 1, 38, 2, 6, '11/20/2022', 'Y'),
(39, 1, 39, 3, 7, '11/20/2022', 'Y'),
(40, 1, 40, 4, 8, '11/20/2022', 'Y'),
(41, 1, 41, 1, 5, '11/20/2022', 'Y'),
(42, 1, 42, 2, 6, '11/20/2022', 'Y'),
(43, 1, 43, 3, 7, '11/20/2022', 'Y'),
(44, 1, 44, 4, 8, '11/20/2022', 'Y'),
(45, 1, 45, 1, 5, '11/20/2022', 'Y'),
(46, 1, 46, 2, 6, '11/20/2022', 'Y'),
(47, 1, 47, 3, 7, '11/20/2022', 'Y'),
(48, 1, 48, 4, 8, '11/20/2022', 'Y'),
(49, 1, 49, 1, 5, '11/20/2022', 'Y'),
(50, 1, 50, 2, 6, '11/20/2022', 'Y'),
(51, 1, 51, 3, 7, '11/20/2022', 'Y'),
(52, 1, 52, 4, 8, '11/20/2022', 'Y'),
(53, 1, 53, 1, 5, '11/20/2022', 'Y'),
(54, 1, 54, 2, 6, '11/20/2022', 'Y'),
(55, 1, 55, 3, 7, '11/20/2022', 'Y'),
(56, 1, 56, 4, 8, '11/20/2022', 'Y'),
(57, 1, 57, 1, 5, '11/20/2022', 'Y'),
(58, 1, 58, 2, 6, '11/20/2022', 'Y'),
(59, 1, 59, 3, 7, '11/20/2022', 'Y'),
(60, 1, 60, 4, 8, '11/20/2022', 'Y'),
(61, 1, 61, 1, 5, '11/20/2022', 'Y'),
(62, 1, 62, 2, 6, '11/20/2022', 'Y'),
(63, 1, 63, 3, 7, '11/20/2022', 'Y'),
(64, 1, 64, 4, 8, '11/20/2022', 'Y'),
(65, 5, 1, 9, 13, '11/20/2022', 'Y'),
(66, 5, 2, 10, 14, '11/20/2022', 'Y'),
(67, 5, 3, 11, 15, '11/20/2022', 'Y'),
(68, 5, 4, 12, 16, '11/20/2022', 'Y'),
(69, 5, 5, 9, 13, '11/20/2022', 'Y'),
(70, 5, 6, 10, 14, '11/20/2022', 'Y'),
(71, 5, 7, 11, 15, '11/20/2022', 'Y'),
(72, 5, 8, 12, 16, '11/20/2022', 'Y'),
(73, 5, 9, 9, 13, '11/20/2022', 'Y'),
(74, 5, 10, 10, 14, '11/20/2022', 'Y'),
(75, 5, 11, 11, 15, '11/20/2022', 'Y'),
(76, 5, 12, 12, 16, '11/20/2022', 'Y'),
(77, 5, 13, 9, 13, '11/20/2022', 'Y'),
(78, 5, 14, 10, 14, '11/20/2022', 'Y'),
(79, 5, 15, 11, 15, '11/20/2022', 'Y'),
(80, 5, 16, 12, 16, '11/20/2022', 'Y'),
(81, 5, 17, 9, 13, '11/20/2022', 'Y'),
(82, 5, 18, 10, 14, '11/20/2022', 'Y'),
(83, 5, 19, 11, 15, '11/20/2022', 'Y'),
(84, 5, 20, 12, 16, '11/20/2022', 'Y'),
(85, 5, 21, 9, 13, '11/20/2022', 'Y'),
(86, 5, 22, 10, 14, '11/20/2022', 'Y'),
(87, 5, 23, 11, 15, '11/20/2022', 'Y'),
(88, 5, 24, 12, 16, '11/20/2022', 'Y'),
(89, 5, 25, 9, 13, '11/20/2022', 'Y'),
(90, 5, 26, 10, 14, '11/20/2022', 'Y'),
(91, 5, 27, 11, 15, '11/20/2022', 'Y'),
(92, 5, 28, 12, 16, '11/20/2022', 'Y'),
(93, 5, 29, 9, 13, '11/20/2022', 'Y'),
(94, 5, 30, 10, 14, '11/20/2022', 'Y'),
(95, 5, 31, 11, 15, '11/20/2022', 'Y'),
(96, 5, 32, 12, 16, '11/20/2022', 'Y'),
(97, 5, 33, 9, 13, '11/20/2022', 'Y'),
(98, 5, 34, 10, 14, '11/20/2022', 'Y'),
(99, 5, 35, 11, 15, '11/20/2022', 'Y'),
(100, 5, 36, 12, 16, '11/20/2022', 'Y'),
(101, 5, 37, 9, 13, '11/20/2022', 'Y'),
(102, 5, 38, 10, 14, '11/20/2022', 'Y'),
(103, 5, 39, 11, 15, '11/20/2022', 'Y'),
(104, 5, 40, 12, 16, '11/20/2022', 'Y'),
(105, 5, 41, 9, 13, '11/20/2022', 'Y'),
(106, 5, 42, 10, 14, '11/20/2022', 'Y'),
(107, 5, 43, 11, 15, '11/20/2022', 'Y'),
(108, 5, 44, 12, 16, '11/20/2022', 'Y'),
(109, 5, 45, 9, 13, '11/20/2022', 'Y'),
(110, 5, 46, 10, 14, '11/20/2022', 'Y'),
(111, 5, 47, 11, 15, '11/20/2022', 'Y'),
(112, 5, 48, 12, 16, '11/20/2022', 'Y'),
(113, 5, 49, 9, 13, '11/20/2022', 'Y'),
(114, 5, 50, 10, 14, '11/20/2022', 'Y'),
(115, 5, 51, 11, 15, '11/20/2022', 'Y'),
(116, 5, 52, 12, 16, '11/20/2022', 'Y'),
(117, 5, 53, 9, 13, '11/20/2022', 'Y'),
(118, 5, 54, 10, 14, '11/20/2022', 'Y'),
(119, 5, 55, 11, 15, '11/20/2022', 'Y'),
(120, 5, 56, 12, 16, '11/20/2022', 'Y'),
(121, 5, 57, 9, 13, '11/20/2022', 'Y'),
(122, 5, 58, 10, 14, '11/20/2022', 'Y'),
(123, 5, 59, 11, 15, '11/20/2022', 'Y'),
(124, 5, 60, 12, 16, '11/20/2022', 'Y'),
(125, 5, 61, 9, 13, '11/20/2022', 'Y'),
(126, 5, 62, 10, 14, '11/20/2022', 'Y'),
(127, 5, 63, 11, 15, '11/20/2022', 'Y'),
(128, 5, 64, 12, 16, '11/20/2022', 'Y'),
(129, 9, 1, 17, 21, '11/20/2022', 'Y'),
(130, 9, 2, 18, 22, '11/20/2022', 'Y'),
(131, 9, 3, 19, 23, '11/20/2022', 'Y'),
(132, 9, 4, 20, 24, '11/20/2022', 'Y'),
(133, 9, 5, 17, 21, '11/20/2022', 'Y'),
(134, 9, 6, 18, 22, '11/20/2022', 'Y'),
(135, 9, 7, 19, 23, '11/20/2022', 'Y'),
(136, 9, 8, 20, 24, '11/20/2022', 'Y'),
(137, 9, 9, 17, 21, '11/20/2022', 'Y'),
(138, 9, 10, 18, 22, '11/20/2022', 'Y'),
(139, 9, 11, 19, 23, '11/20/2022', 'Y'),
(140, 9, 12, 20, 24, '11/20/2022', 'Y'),
(141, 9, 13, 17, 21, '11/20/2022', 'Y'),
(142, 9, 14, 18, 22, '11/20/2022', 'Y'),
(143, 9, 15, 19, 23, '11/20/2022', 'Y'),
(144, 9, 16, 20, 24, '11/20/2022', 'Y'),
(145, 9, 17, 17, 21, '11/20/2022', 'Y'),
(146, 9, 18, 18, 22, '11/20/2022', 'Y'),
(147, 9, 19, 19, 23, '11/20/2022', 'Y'),
(148, 9, 20, 20, 24, '11/20/2022', 'Y'),
(149, 9, 21, 17, 21, '11/20/2022', 'Y'),
(150, 9, 22, 18, 22, '11/20/2022', 'Y'),
(151, 9, 23, 19, 23, '11/20/2022', 'Y'),
(152, 9, 24, 20, 24, '11/20/2022', 'Y'),
(153, 9, 25, 17, 21, '11/20/2022', 'Y'),
(154, 9, 26, 18, 22, '11/20/2022', 'Y'),
(155, 9, 27, 19, 23, '11/20/2022', 'Y'),
(156, 9, 28, 20, 24, '11/20/2022', 'Y'),
(157, 9, 29, 17, 21, '11/20/2022', 'Y'),
(158, 9, 30, 18, 22, '11/20/2022', 'Y'),
(159, 9, 31, 19, 23, '11/20/2022', 'Y'),
(160, 9, 32, 20, 24, '11/20/2022', 'Y'),
(161, 9, 33, 17, 21, '11/20/2022', 'Y'),
(162, 9, 34, 18, 22, '11/20/2022', 'Y'),
(163, 9, 35, 19, 23, '11/20/2022', 'Y'),
(164, 9, 36, 20, 24, '11/20/2022', 'Y'),
(165, 9, 37, 17, 21, '11/20/2022', 'Y'),
(166, 9, 38, 18, 22, '11/20/2022', 'Y'),
(167, 9, 39, 19, 23, '11/20/2022', 'Y'),
(168, 9, 40, 20, 24, '11/20/2022', 'Y'),
(169, 9, 41, 17, 21, '11/20/2022', 'Y'),
(170, 9, 42, 18, 22, '11/20/2022', 'Y'),
(171, 9, 43, 19, 23, '11/20/2022', 'Y'),
(172, 9, 44, 20, 24, '11/20/2022', 'Y'),
(173, 9, 45, 17, 21, '11/20/2022', 'Y'),
(174, 9, 46, 18, 22, '11/20/2022', 'Y'),
(175, 9, 47, 19, 23, '11/20/2022', 'Y'),
(176, 9, 48, 20, 24, '11/20/2022', 'Y'),
(177, 9, 49, 17, 21, '11/20/2022', 'Y'),
(178, 9, 50, 18, 22, '11/20/2022', 'Y'),
(179, 9, 51, 19, 23, '11/20/2022', 'Y'),
(180, 9, 52, 20, 24, '11/20/2022', 'Y'),
(181, 9, 53, 17, 21, '11/20/2022', 'Y'),
(182, 9, 54, 18, 22, '11/20/2022', 'Y'),
(183, 9, 55, 19, 23, '11/20/2022', 'Y'),
(184, 9, 56, 20, 24, '11/20/2022', 'Y'),
(185, 9, 57, 17, 21, '11/20/2022', 'Y'),
(186, 9, 58, 18, 22, '11/20/2022', 'Y'),
(187, 9, 59, 19, 23, '11/20/2022', 'Y'),
(188, 9, 60, 20, 24, '11/20/2022', 'Y'),
(189, 9, 61, 17, 21, '11/20/2022', 'Y'),
(190, 9, 62, 18, 22, '11/20/2022', 'Y'),
(191, 9, 63, 19, 23, '11/20/2022', 'Y'),
(192, 9, 64, 20, 24, '11/20/2022', 'Y'),
(193, 13, 1, 25, 29, '11/20/2022', 'Y'),
(194, 13, 2, 26, 30, '11/20/2022', 'Y'),
(195, 13, 3, 27, 31, '11/20/2022', 'Y'),
(196, 13, 4, 28, 32, '11/20/2022', 'Y'),
(197, 13, 5, 25, 29, '11/20/2022', 'Y'),
(198, 13, 6, 26, 30, '11/20/2022', 'Y'),
(199, 13, 7, 27, 31, '11/20/2022', 'Y'),
(200, 13, 8, 28, 32, '11/20/2022', 'Y'),
(201, 13, 9, 25, 29, '11/20/2022', 'Y'),
(202, 13, 10, 26, 30, '11/20/2022', 'Y'),
(203, 13, 11, 27, 31, '11/20/2022', 'Y'),
(204, 13, 12, 28, 32, '11/20/2022', 'Y'),
(205, 13, 13, 25, 29, '11/20/2022', 'Y'),
(206, 13, 14, 26, 30, '11/20/2022', 'Y'),
(207, 13, 15, 27, 31, '11/20/2022', 'Y'),
(208, 13, 16, 28, 32, '11/20/2022', 'Y'),
(209, 13, 17, 25, 29, '11/20/2022', 'Y'),
(210, 13, 18, 26, 30, '11/20/2022', 'Y'),
(211, 13, 19, 27, 31, '11/20/2022', 'Y'),
(212, 13, 20, 28, 32, '11/20/2022', 'Y'),
(213, 13, 21, 25, 29, '11/20/2022', 'Y'),
(214, 13, 22, 26, 30, '11/20/2022', 'Y'),
(215, 13, 23, 27, 31, '11/20/2022', 'Y'),
(216, 13, 24, 28, 32, '11/20/2022', 'Y'),
(217, 13, 25, 25, 29, '11/20/2022', 'Y'),
(218, 13, 26, 26, 30, '11/20/2022', 'Y'),
(219, 13, 27, 27, 31, '11/20/2022', 'Y'),
(220, 13, 28, 28, 32, '11/20/2022', 'Y'),
(221, 13, 29, 25, 29, '11/20/2022', 'Y'),
(222, 13, 30, 26, 30, '11/20/2022', 'Y'),
(223, 13, 31, 27, 31, '11/20/2022', 'Y'),
(224, 13, 32, 28, 32, '11/20/2022', 'Y'),
(225, 13, 33, 25, 29, '11/20/2022', 'Y'),
(226, 13, 34, 26, 30, '11/20/2022', 'Y'),
(227, 13, 35, 27, 31, '11/20/2022', 'Y'),
(228, 13, 36, 28, 32, '11/20/2022', 'Y'),
(229, 13, 37, 25, 29, '11/20/2022', 'Y'),
(230, 13, 38, 26, 30, '11/20/2022', 'Y'),
(231, 13, 39, 27, 31, '11/20/2022', 'Y'),
(232, 13, 40, 28, 32, '11/20/2022', 'Y'),
(233, 13, 41, 25, 29, '11/20/2022', 'Y'),
(234, 13, 42, 26, 30, '11/20/2022', 'Y'),
(235, 13, 43, 27, 31, '11/20/2022', 'Y'),
(236, 13, 44, 28, 32, '11/20/2022', 'Y'),
(237, 13, 45, 25, 29, '11/20/2022', 'Y'),
(238, 13, 46, 26, 30, '11/20/2022', 'Y'),
(239, 13, 47, 27, 31, '11/20/2022', 'Y'),
(240, 13, 48, 28, 32, '11/20/2022', 'Y'),
(241, 13, 49, 25, 29, '11/20/2022', 'Y'),
(242, 13, 50, 26, 30, '11/20/2022', 'Y'),
(243, 13, 51, 27, 31, '11/20/2022', 'Y'),
(244, 13, 52, 28, 32, '11/20/2022', 'Y'),
(245, 13, 53, 25, 29, '11/20/2022', 'Y'),
(246, 13, 54, 26, 30, '11/20/2022', 'Y'),
(247, 13, 55, 27, 31, '11/20/2022', 'Y'),
(248, 13, 56, 28, 32, '11/20/2022', 'Y'),
(249, 13, 57, 25, 29, '11/20/2022', 'Y'),
(250, 13, 58, 26, 30, '11/20/2022', 'Y'),
(251, 13, 59, 27, 31, '11/20/2022', 'Y'),
(252, 13, 60, 28, 32, '11/20/2022', 'Y'),
(253, 13, 61, 25, 29, '11/20/2022', 'Y'),
(254, 13, 62, 26, 30, '11/20/2022', 'Y'),
(255, 13, 63, 27, 31, '11/20/2022', 'Y'),
(256, 13, 64, 28, 32, '11/20/2022', 'Y'),

(257, 2, 3, 2, 8, '11/20/2022', 'Y'),
(258, 2, 4, 3, 7, '11/20/2022', 'Y'),
(259, 2, 5, 4, 6, '11/20/2022', 'Y'),
(260, 2, 6, 1, 5, '11/20/2022', 'Y'),
(261, 2, 7, 2, 8, '11/20/2022', 'Y'),
(262, 2, 8, 3, 7, '11/20/2022', 'Y'),
(263, 2, 9, 4, 6, '11/20/2022', 'Y'),
(264, 2, 10, 1, 5, '11/20/2022', 'Y'),
(265, 2, 11, 2, 8, '11/20/2022', 'Y'),
(266, 2, 12, 3, 7, '11/20/2022', 'Y'),
(267, 2, 13, 4, 6, '11/20/2022', 'Y'),
(268, 2, 14, 1, 5, '11/20/2022', 'Y'),
(269, 2, 15, 2, 8, '11/20/2022', 'Y'),
(270, 2, 16, 3, 7, '11/20/2022', 'Y'),
(271, 2, 17, 4, 6, '11/20/2022', 'Y'),
(272, 2, 18, 1, 5, '11/20/2022', 'Y'),
(273, 2, 19, 2, 8, '11/20/2022', 'Y'),
(274, 2, 20, 3, 7, '11/20/2022', 'Y'),
(275, 2, 21, 4, 6, '11/20/2022', 'Y'),
(276, 2, 22, 1, 5, '11/20/2022', 'Y'),
(277, 2, 23, 2, 8, '11/20/2022', 'Y'),
(278, 2, 24, 3, 7, '11/20/2022', 'Y'),
(279, 2, 25, 4, 6, '11/20/2022', 'Y'),
(280, 2, 26, 1, 5, '11/20/2022', 'Y'),
(281, 2, 27, 2, 8, '11/20/2022', 'Y'),
(282, 2, 28, 3, 7, '11/20/2022', 'Y'),
(283, 2, 29, 4, 6, '11/20/2022', 'Y'),
(284, 2, 30, 1, 5, '11/20/2022', 'Y'),
(285, 2, 31, 2, 8, '11/20/2022', 'Y'),
(286, 2, 32, 3, 7, '11/20/2022', 'Y'),
(287, 2, 33, 4, 6, '11/20/2022', 'Y'),
(288, 2, 34, 1, 5, '11/20/2022', 'Y'),
(289, 2, 35, 2, 8, '11/20/2022', 'Y'),
(290, 2, 36, 3, 7, '11/20/2022', 'Y'),
(291, 2, 37, 4, 6, '11/20/2022', 'Y'),
(292, 2, 38, 1, 5, '11/20/2022', 'Y'),
(293, 2, 39, 2, 8, '11/20/2022', 'Y'),
(294, 2, 40, 3, 7, '11/20/2022', 'Y'),
(295, 2, 41, 4, 6, '11/20/2022', 'Y'),
(296, 2, 42, 1, 5, '11/20/2022', 'Y'),
(297, 2, 43, 2, 8, '11/20/2022', 'Y'),
(298, 2, 44, 3, 7, '11/20/2022', 'Y'),
(299, 2, 45, 4, 6, '11/20/2022', 'Y'),
(300, 2, 46, 1, 5, '11/20/2022', 'Y'),
(301, 2, 47, 2, 8, '11/20/2022', 'Y'),
(302, 2, 48, 3, 7, '11/20/2022', 'Y'),
(303, 2, 49, 4, 6, '11/20/2022', 'Y'),
(304, 2, 50, 1, 5, '11/20/2022', 'Y'),
(305, 2, 51, 2, 8, '11/20/2022', 'Y'),
(306, 2, 52, 3, 7, '11/20/2022', 'Y'),
(307, 2, 53, 4, 6, '11/20/2022', 'Y'),
(308, 2, 54, 1, 5, '11/20/2022', 'Y'),
(309, 2, 55, 2, 8, '11/20/2022', 'Y'),
(310, 2, 56, 3, 7, '11/20/2022', 'Y'),
(311, 2, 57, 4, 6, '11/20/2022', 'Y'),
(312, 2, 58, 1, 5, '11/20/2022', 'Y'),
(313, 2, 59, 2, 8, '11/20/2022', 'Y'),
(314, 2, 60, 3, 7, '11/20/2022', 'Y'),
(315, 2, 61, 4, 6, '11/20/2022', 'Y'),
(316, 2, 62, 1, 5, '11/20/2022', 'Y'),
(317, 2, 63, 2, 8, '11/20/2022', 'Y'),
(318, 2, 64, 3, 7, '11/20/2022', 'Y'),

(321, 6, 3, 10, 16, '11/20/2022', 'Y'),
(322, 6, 4, 11, 15, '11/20/2022', 'Y'),
(323, 6, 5, 12, 14, '11/20/2022', 'Y'),
(324, 6, 6, 9, 13, '11/20/2022', 'Y'),
(325, 6, 7, 10, 16, '11/20/2022', 'Y'),
(326, 6, 8, 11, 15, '11/20/2022', 'Y'),
(327, 6, 9, 12, 14, '11/20/2022', 'Y'),
(328, 6, 10, 9, 13, '11/20/2022', 'Y'),
(329, 6, 11, 10, 16, '11/20/2022', 'Y'),
(330, 6, 12, 11, 15, '11/20/2022', 'Y'),
(331, 6, 13, 12, 14, '11/20/2022', 'Y'),
(332, 6, 14, 9, 13, '11/20/2022', 'Y'),
(333, 6, 15, 10, 16, '11/20/2022', 'Y'),
(334, 6, 16, 11, 15, '11/20/2022', 'Y'),
(335, 6, 17, 12, 14, '11/20/2022', 'Y'),
(336, 6, 18, 9, 13, '11/20/2022', 'Y'),
(337, 6, 19, 10, 16, '11/20/2022', 'Y'),
(338, 6, 20, 11, 15, '11/20/2022', 'Y'),
(339, 6, 21, 12, 14, '11/20/2022', 'Y'),
(340, 6, 22, 9, 13, '11/20/2022', 'Y'),
(341, 6, 23, 10, 16, '11/20/2022', 'Y'),
(342, 6, 24, 11, 15, '11/20/2022', 'Y'),
(343, 6, 25, 12, 14, '11/20/2022', 'Y'),
(344, 6, 26, 9, 13, '11/20/2022', 'Y'),
(345, 6, 27, 10, 16, '11/20/2022', 'Y'),
(346, 6, 28, 11, 15, '11/20/2022', 'Y'),
(347, 6, 29, 12, 14, '11/20/2022', 'Y'),
(348, 6, 30, 9, 13, '11/20/2022', 'Y'),
(349, 6, 31, 10, 16, '11/20/2022', 'Y'),
(350, 6, 32, 11, 15, '11/20/2022', 'Y'),
(351, 6, 33, 12, 14, '11/20/2022', 'Y'),
(352, 6, 34, 9, 13, '11/20/2022', 'Y'),
(353, 6, 35, 10, 16, '11/20/2022', 'Y'),
(354, 6, 36, 11, 15, '11/20/2022', 'Y'),
(355, 6, 37, 12, 14, '11/20/2022', 'Y'),
(356, 6, 38, 9, 13, '11/20/2022', 'Y'),
(357, 6, 39, 10, 16, '11/20/2022', 'Y'),
(358, 6, 40, 11, 15, '11/20/2022', 'Y'),
(359, 6, 41, 12, 14, '11/20/2022', 'Y'),
(360, 6, 42, 9, 13, '11/20/2022', 'Y'),
(361, 6, 43, 10, 16, '11/20/2022', 'Y'),
(362, 6, 44, 11, 15, '11/20/2022', 'Y'),
(363, 6, 45, 12, 14, '11/20/2022', 'Y'),
(364, 6, 46, 9, 13, '11/20/2022', 'Y'),
(365, 6, 47, 10, 16, '11/20/2022', 'Y'),
(366, 6, 48, 11, 15, '11/20/2022', 'Y'),
(367, 6, 49, 12, 14, '11/20/2022', 'Y'),
(368, 6, 50, 9, 13, '11/20/2022', 'Y'),
(369, 6, 51, 10, 16, '11/20/2022', 'Y'),
(370, 6, 52, 11, 15, '11/20/2022', 'Y'),
(371, 6, 53, 12, 14, '11/20/2022', 'Y'),
(372, 6, 54, 9, 13, '11/20/2022', 'Y'),
(373, 6, 55, 10, 16, '11/20/2022', 'Y'),
(374, 6, 56, 11, 15, '11/20/2022', 'Y'),
(375, 6, 57, 12, 14, '11/20/2022', 'Y'),
(376, 6, 58, 9, 13, '11/20/2022', 'Y'),
(377, 6, 59, 10, 16, '11/20/2022', 'Y'),
(378, 6, 60, 11, 15, '11/20/2022', 'Y'),
(379, 6, 61, 12, 14, '11/20/2022', 'Y'),
(380, 6, 62, 9, 13, '11/20/2022', 'Y'),
(381, 6, 63, 10, 16, '11/20/2022', 'Y'),
(382, 6, 64, 11, 15, '11/20/2022', 'Y'),

(385, 10, 3, 18, 24, '11/20/2022', 'Y'),
(386, 10, 4, 19, 23, '11/20/2022', 'Y'),
(387, 10, 5, 20, 22, '11/20/2022', 'Y'),
(388, 10, 6, 17, 21, '11/20/2022', 'Y'),
(389, 10, 7, 18, 24, '11/20/2022', 'Y'),
(390, 10, 8, 19, 23, '11/20/2022', 'Y'),
(391, 10, 9, 20, 22, '11/20/2022', 'Y'),
(392, 10, 10, 17, 21, '11/20/2022', 'Y'),
(393, 10, 11, 18, 24, '11/20/2022', 'Y'),
(394, 10, 12, 19, 23, '11/20/2022', 'Y'),
(395, 10, 13, 20, 22, '11/20/2022', 'Y'),
(396, 10, 14, 17, 21, '11/20/2022', 'Y'),
(397, 10, 15, 18, 24, '11/20/2022', 'Y'),
(398, 10, 16, 19, 23, '11/20/2022', 'Y'),
(399, 10, 17, 20, 22, '11/20/2022', 'Y'),
(400, 10, 18, 17, 21, '11/20/2022', 'Y'),
(401, 10, 19, 18, 24, '11/20/2022', 'Y'),
(402, 10, 20, 19, 23, '11/20/2022', 'Y'),
(403, 10, 21, 20, 22, '11/20/2022', 'Y'),
(404, 10, 22, 17, 21, '11/20/2022', 'Y'),
(405, 10, 23, 18, 24, '11/20/2022', 'Y'),
(406, 10, 24, 19, 23, '11/20/2022', 'Y'),
(407, 10, 25, 20, 22, '11/20/2022', 'Y'),
(408, 10, 26, 17, 21, '11/20/2022', 'Y'),
(409, 10, 27, 18, 24, '11/20/2022', 'Y'),
(410, 10, 28, 19, 23, '11/20/2022', 'Y'),
(411, 10, 29, 20, 22, '11/20/2022', 'Y'),
(412, 10, 30, 17, 21, '11/20/2022', 'Y'),
(413, 10, 31, 18, 24, '11/20/2022', 'Y'),
(414, 10, 32, 19, 23, '11/20/2022', 'Y'),
(415, 10, 33, 20, 22, '11/20/2022', 'Y'),
(416, 10, 34, 17, 21, '11/20/2022', 'Y'),
(417, 10, 35, 18, 24, '11/20/2022', 'Y'),
(418, 10, 36, 19, 23, '11/20/2022', 'Y'),
(419, 10, 37, 20, 22, '11/20/2022', 'Y'),
(420, 10, 38, 17, 21, '11/20/2022', 'Y'),
(421, 10, 39, 18, 24, '11/20/2022', 'Y'),
(422, 10, 40, 19, 23, '11/20/2022', 'Y'),
(423, 10, 41, 20, 22, '11/20/2022', 'Y'),
(424, 10, 42, 17, 21, '11/20/2022', 'Y'),
(425, 10, 43, 18, 24, '11/20/2022', 'Y'),
(426, 10, 44, 19, 23, '11/20/2022', 'Y'),
(427, 10, 45, 20, 22, '11/20/2022', 'Y'),
(428, 10, 46, 17, 21, '11/20/2022', 'Y'),
(429, 10, 47, 18, 24, '11/20/2022', 'Y'),
(430, 10, 48, 19, 23, '11/20/2022', 'Y'),
(431, 10, 49, 20, 22, '11/20/2022', 'Y'),
(432, 10, 50, 17, 21, '11/20/2022', 'Y'),
(433, 10, 51, 18, 24, '11/20/2022', 'Y'),
(434, 10, 52, 19, 23, '11/20/2022', 'Y'),
(435, 10, 53, 20, 22, '11/20/2022', 'Y'),
(436, 10, 54, 17, 21, '11/20/2022', 'Y'),
(437, 10, 55, 18, 24, '11/20/2022', 'Y'),
(438, 10, 56, 19, 23, '11/20/2022', 'Y'),
(439, 10, 57, 20, 22, '11/20/2022', 'Y'),
(440, 10, 58, 17, 21, '11/20/2022', 'Y'),
(441, 10, 59, 18, 24, '11/20/2022', 'Y'),
(442, 10, 60, 19, 23, '11/20/2022', 'Y'),
(443, 10, 61, 20, 22, '11/20/2022', 'Y'),
(444, 10, 62, 17, 21, '11/20/2022', 'Y'),
(445, 10, 63, 18, 24, '11/20/2022', 'Y'),
(446, 10, 64, 19, 23, '11/20/2022', 'Y'),

(449, 14, 3, 26, 32, '11/20/2022', 'Y'),
(450, 14, 4, 27, 31, '11/20/2022', 'Y'),
(451, 14, 5, 28, 30, '11/20/2022', 'Y'),
(452, 14, 6, 25, 29, '11/20/2022', 'Y'),
(453, 14, 7, 26, 32, '11/20/2022', 'Y'),
(454, 14, 8, 27, 31, '11/20/2022', 'Y'),
(455, 14, 9, 28, 30, '11/20/2022', 'Y'),
(456, 14, 10, 25, 29, '11/20/2022', 'Y'),
(457, 14, 11, 26, 32, '11/20/2022', 'Y'),
(458, 14, 12, 27, 31, '11/20/2022', 'Y'),
(459, 14, 13, 28, 30, '11/20/2022', 'Y'),
(460, 14, 14, 25, 29, '11/20/2022', 'Y'),
(461, 14, 15, 26, 32, '11/20/2022', 'Y'),
(462, 14, 16, 27, 31, '11/20/2022', 'Y'),
(463, 14, 17, 28, 30, '11/20/2022', 'Y'),
(464, 14, 18, 25, 29, '11/20/2022', 'Y'),
(465, 14, 19, 26, 32, '11/20/2022', 'Y'),
(466, 14, 20, 27, 31, '11/20/2022', 'Y'),
(467, 14, 21, 28, 30, '11/20/2022', 'Y'),
(468, 14, 22, 25, 29, '11/20/2022', 'Y'),
(469, 14, 23, 26, 32, '11/20/2022', 'Y'),
(470, 14, 24, 27, 31, '11/20/2022', 'Y'),
(471, 14, 25, 28, 30, '11/20/2022', 'Y'),
(472, 14, 26, 25, 29, '11/20/2022', 'Y'),
(473, 14, 27, 26, 32, '11/20/2022', 'Y'),
(474, 14, 28, 27, 31, '11/20/2022', 'Y'),
(475, 14, 29, 28, 30, '11/20/2022', 'Y'),
(476, 14, 30, 25, 29, '11/20/2022', 'Y'),
(477, 14, 31, 26, 32, '11/20/2022', 'Y'),
(478, 14, 32, 27, 31, '11/20/2022', 'Y'),
(479, 14, 33, 28, 30, '11/20/2022', 'Y'),
(480, 14, 34, 25, 29, '11/20/2022', 'Y'),
(481, 14, 35, 26, 32, '11/20/2022', 'Y'),
(482, 14, 36, 27, 31, '11/20/2022', 'Y'),
(483, 14, 37, 28, 30, '11/20/2022', 'Y'),
(484, 14, 38, 25, 29, '11/20/2022', 'Y'),
(485, 14, 39, 26, 32, '11/20/2022', 'Y'),
(486, 14, 40, 27, 31, '11/20/2022', 'Y'),
(487, 14, 41, 28, 30, '11/20/2022', 'Y'),
(488, 14, 42, 25, 29, '11/20/2022', 'Y'),
(489, 14, 43, 26, 32, '11/20/2022', 'Y'),
(490, 14, 44, 27, 31, '11/20/2022', 'Y'),
(491, 14, 45, 28, 30, '11/20/2022', 'Y'),
(492, 14, 46, 25, 29, '11/20/2022', 'Y'),
(493, 14, 47, 26, 32, '11/20/2022', 'Y'),
(494, 14, 48, 27, 31, '11/20/2022', 'Y'),
(495, 14, 49, 28, 30, '11/20/2022', 'Y'),
(496, 14, 50, 25, 29, '11/20/2022', 'Y'),
(497, 14, 51, 26, 32, '11/20/2022', 'Y'),
(498, 14, 52, 27, 31, '11/20/2022', 'Y'),
(499, 14, 53, 28, 30, '11/20/2022', 'Y'),
(500, 14, 54, 25, 29, '11/20/2022', 'Y'),
(501, 14, 55, 26, 32, '11/20/2022', 'Y'),
(502, 14, 56, 27, 31, '11/20/2022', 'Y'),
(503, 14, 57, 28, 30, '11/20/2022', 'Y'),
(504, 14, 58, 25, 29, '11/20/2022', 'Y'),
(505, 14, 59, 26, 32, '11/20/2022', 'Y'),
(506, 14, 60, 27, 31, '11/20/2022', 'Y'),
(507, 14, 61, 28, 30, '11/20/2022', 'Y'),
(508, 14, 62, 25, 29, '11/20/2022', 'Y'),
(509, 14, 63, 26, 32, '11/20/2022', 'Y'),
(510, 14, 64, 27, 31, '11/20/2022', 'Y'),


(511, 3, 3, 1, 8, '11/20/2022', 'Y'),
(512, 3, 4, 2, 7, '11/20/2022', 'Y'),
(513, 3, 5, 3, 6, '11/20/2022', 'Y'),
(514, 3, 6, 4, 5, '11/20/2022', 'Y'),
(515, 3, 7, 1, 8, '11/20/2022', 'Y'),
(516, 3, 8, 2, 7, '11/20/2022', 'Y'),
(517, 3, 9, 3, 6, '11/20/2022', 'Y'),
(518, 3, 10, 4, 5, '11/20/2022', 'Y'),
(519, 3, 11, 1, 8, '11/20/2022', 'Y'),
(520, 3, 12, 2, 7, '11/20/2022', 'Y'),
(521, 3, 13, 3, 6, '11/20/2022', 'Y'),
(522, 3, 14, 4, 5, '11/20/2022', 'Y'),
(523, 3, 15, 1, 8, '11/20/2022', 'Y'),
(524, 3, 16, 2, 7, '11/20/2022', 'Y'),
(525, 3, 17, 3, 6, '11/20/2022', 'Y'),
(526, 3, 18, 4, 5, '11/20/2022', 'Y'),
(527, 3, 19, 1, 8, '11/20/2022', 'Y'),
(528, 3, 20, 2, 7, '11/20/2022', 'Y'),
(529, 3, 21, 3, 6, '11/20/2022', 'Y'),
(530, 3, 22, 4, 5, '11/20/2022', 'Y'),
(531, 3, 23, 1, 8, '11/20/2022', 'Y'),
(532, 3, 24, 2, 7, '11/20/2022', 'Y'),
(533, 3, 25, 3, 6, '11/20/2022', 'Y'),
(534, 3, 26, 4, 5, '11/20/2022', 'Y'),
(535, 3, 27, 1, 8, '11/20/2022', 'Y'),
(536, 3, 28, 2, 7, '11/20/2022', 'Y'),
(537, 3, 29, 3, 6, '11/20/2022', 'Y'),
(538, 3, 30, 4, 5, '11/20/2022', 'Y'),
(539, 3, 31, 1, 8, '11/20/2022', 'Y'),
(540, 3, 32, 2, 7, '11/20/2022', 'Y'),
(541, 3, 33, 3, 6, '11/20/2022', 'Y'),
(542, 3, 34, 4, 5, '11/20/2022', 'Y'),
(543, 3, 35, 1, 8, '11/20/2022', 'Y'),
(544, 3, 36, 2, 7, '11/20/2022', 'Y'),
(545, 3, 37, 3, 6, '11/20/2022', 'Y'),
(546, 3, 38, 4, 5, '11/20/2022', 'Y'),
(547, 3, 39, 1, 8, '11/20/2022', 'Y'),
(548, 3, 40, 2, 7, '11/20/2022', 'Y'),
(549, 3, 41, 3, 6, '11/20/2022', 'Y'),
(550, 3, 42, 4, 5, '11/20/2022', 'Y'),
(551, 3, 43, 1, 8, '11/20/2022', 'Y'),
(552, 3, 44, 2, 7, '11/20/2022', 'Y'),
(553, 3, 45, 3, 6, '11/20/2022', 'Y'),
(554, 3, 46, 4, 5, '11/20/2022', 'Y'),
(555, 3, 47, 1, 8, '11/20/2022', 'Y'),
(556, 3, 48, 2, 7, '11/20/2022', 'Y'),
(557, 3, 49, 3, 6, '11/20/2022', 'Y'),
(558, 3, 50, 4, 5, '11/20/2022', 'Y'),
(559, 3, 51, 1, 8, '11/20/2022', 'Y'),
(560, 3, 52, 2, 7, '11/20/2022', 'Y'),
(561, 3, 53, 3, 6, '11/20/2022', 'Y'),
(562, 3, 54, 4, 5, '11/20/2022', 'Y'),
(563, 3, 55, 1, 8, '11/20/2022', 'Y'),
(564, 3, 56, 2, 7, '11/20/2022', 'Y'),
(565, 3, 57, 3, 6, '11/20/2022', 'Y'),
(566, 3, 58, 4, 5, '11/20/2022', 'Y'),
(567, 3, 59, 1, 8, '11/20/2022', 'Y'),
(568, 3, 60, 2, 7, '11/20/2022', 'Y'),
(569, 3, 61, 3, 6, '11/20/2022', 'Y'),
(570, 3, 62, 4, 5, '11/20/2022', 'Y'),
(571, 3, 63, 1, 8, '11/20/2022', 'Y'),
(572, 3, 64, 2, 7, '11/20/2022', 'Y'),

(575, 7, 3, 9, 16, '11/20/2022', 'Y'),
(576, 7, 4, 10, 15, '11/20/2022', 'Y'),
(577, 7, 5, 11, 14, '11/20/2022', 'Y'),
(578, 7, 6, 12, 13, '11/20/2022', 'Y'),
(579, 7, 7, 9, 16, '11/20/2022', 'Y'),
(580, 7, 8, 10, 15, '11/20/2022', 'Y'),
(581, 7, 9, 11, 14, '11/20/2022', 'Y'),
(582, 7, 10, 12, 13, '11/20/2022', 'Y'),
(583, 7, 11, 9, 16, '11/20/2022', 'Y'),
(584, 7, 12, 10, 15, '11/20/2022', 'Y'),
(585, 7, 13, 11, 14, '11/20/2022', 'Y'),
(586, 7, 14, 12, 13, '11/20/2022', 'Y'),
(587, 7, 15, 9, 16, '11/20/2022', 'Y'),
(588, 7, 16, 10, 15, '11/20/2022', 'Y'),
(589, 7, 17, 11, 14, '11/20/2022', 'Y'),
(590, 7, 18, 12, 13, '11/20/2022', 'Y'),
(591, 7, 19, 9, 16, '11/20/2022', 'Y'),
(592, 7, 20, 10, 15, '11/20/2022', 'Y'),
(593, 7, 21, 11, 14, '11/20/2022', 'Y'),
(594, 7, 22, 12, 13, '11/20/2022', 'Y'),
(595, 7, 23, 9, 16, '11/20/2022', 'Y'),
(596, 7, 24, 10, 15, '11/20/2022', 'Y'),
(597, 7, 25, 11, 14, '11/20/2022', 'Y'),
(598, 7, 26, 12, 13, '11/20/2022', 'Y'),
(599, 7, 27, 9, 16, '11/20/2022', 'Y'),
(600, 7, 28, 10, 15, '11/20/2022', 'Y'),
(601, 7, 29, 11, 14, '11/20/2022', 'Y'),
(602, 7, 30, 12, 13, '11/20/2022', 'Y'),
(603, 7, 31, 9, 16, '11/20/2022', 'Y'),
(604, 7, 32, 10, 15, '11/20/2022', 'Y'),
(605, 7, 33, 11, 14, '11/20/2022', 'Y'),
(606, 7, 34, 12, 13, '11/20/2022', 'Y'),
(607, 7, 35, 9, 16, '11/20/2022', 'Y'),
(608, 7, 36, 10, 15, '11/20/2022', 'Y'),
(609, 7, 37, 11, 14, '11/20/2022', 'Y'),
(610, 7, 38, 12, 13, '11/20/2022', 'Y'),
(611, 7, 39, 9, 16, '11/20/2022', 'Y'),
(612, 7, 40, 10, 15, '11/20/2022', 'Y'),
(613, 7, 41, 11, 14, '11/20/2022', 'Y'),
(614, 7, 42, 12, 13, '11/20/2022', 'Y'),
(615, 7, 43, 9, 16, '11/20/2022', 'Y'),
(616, 7, 44, 10, 15, '11/20/2022', 'Y'),
(617, 7, 45, 11, 14, '11/20/2022', 'Y'),
(618, 7, 46, 12, 13, '11/20/2022', 'Y'),
(619, 7, 47, 9, 16, '11/20/2022', 'Y'),
(620, 7, 48, 10, 15, '11/20/2022', 'Y'),
(621, 7, 49, 11, 14, '11/20/2022', 'Y'),
(622, 7, 50, 12, 13, '11/20/2022', 'Y'),
(623, 7, 51, 9, 16, '11/20/2022', 'Y'),
(624, 7, 52, 10, 15, '11/20/2022', 'Y'),
(625, 7, 53, 11, 14, '11/20/2022', 'Y'),
(626, 7, 54, 12, 13, '11/20/2022', 'Y'),
(627, 7, 55, 9, 16, '11/20/2022', 'Y'),
(628, 7, 56, 10, 15, '11/20/2022', 'Y'),
(629, 7, 57, 11, 14, '11/20/2022', 'Y'),
(630, 7, 58, 12, 13, '11/20/2022', 'Y'),
(631, 7, 59, 9, 16, '11/20/2022', 'Y'),
(632, 7, 60, 10, 15, '11/20/2022', 'Y'),
(633, 7, 61, 11, 14, '11/20/2022', 'Y'),
(634, 7, 62, 12, 13, '11/20/2022', 'Y'),
(635, 7, 63, 9, 16, '11/20/2022', 'Y'),
(636, 7, 64, 10, 15, '11/20/2022', 'Y'),
(639, 11, 3, 17, 24, '11/20/2022', 'Y'),
(640, 11, 4, 18, 23, '11/20/2022', 'Y'),
(641, 11, 5, 19, 22, '11/20/2022', 'Y'),
(642, 11, 6, 20, 21, '11/20/2022', 'Y'),
(643, 11, 7, 17, 24, '11/20/2022', 'Y'),
(644, 11, 8, 18, 23, '11/20/2022', 'Y'),
(645, 11, 9, 19, 22, '11/20/2022', 'Y'),
(646, 11, 10, 20, 21, '11/20/2022', 'Y'),
(647, 11, 11, 17, 24, '11/20/2022', 'Y'),
(648, 11, 12, 18, 23, '11/20/2022', 'Y'),
(649, 11, 13, 19, 22, '11/20/2022', 'Y'),
(650, 11, 14, 20, 21, '11/20/2022', 'Y'),
(651, 11, 15, 17, 24, '11/20/2022', 'Y'),
(652, 11, 16, 18, 23, '11/20/2022', 'Y'),
(653, 11, 17, 19, 22, '11/20/2022', 'Y'),
(654, 11, 18, 20, 21, '11/20/2022', 'Y'),
(655, 11, 19, 17, 24, '11/20/2022', 'Y'),
(656, 11, 20, 18, 23, '11/20/2022', 'Y'),
(657, 11, 21, 19, 22, '11/20/2022', 'Y'),
(658, 11, 22, 20, 21, '11/20/2022', 'Y'),
(659, 11, 23, 17, 24, '11/20/2022', 'Y'),
(660, 11, 24, 18, 23, '11/20/2022', 'Y'),
(661, 11, 25, 19, 22, '11/20/2022', 'Y'),
(662, 11, 26, 20, 21, '11/20/2022', 'Y'),
(663, 11, 27, 17, 24, '11/20/2022', 'Y'),
(664, 11, 28, 18, 23, '11/20/2022', 'Y'),
(665, 11, 29, 19, 22, '11/20/2022', 'Y'),
(666, 11, 30, 20, 21, '11/20/2022', 'Y'),
(667, 11, 31, 17, 24, '11/20/2022', 'Y'),
(668, 11, 32, 18, 23, '11/20/2022', 'Y'),
(669, 11, 33, 19, 22, '11/20/2022', 'Y'),
(670, 11, 34, 20, 21, '11/20/2022', 'Y'),
(671, 11, 35, 17, 24, '11/20/2022', 'Y'),
(672, 11, 36, 18, 23, '11/20/2022', 'Y'),
(673, 11, 37, 19, 22, '11/20/2022', 'Y'),
(674, 11, 38, 20, 21, '11/20/2022', 'Y'),
(675, 11, 39, 17, 24, '11/20/2022', 'Y'),
(676, 11, 40, 18, 23, '11/20/2022', 'Y'),
(677, 11, 41, 19, 22, '11/20/2022', 'Y'),
(678, 11, 42, 20, 21, '11/20/2022', 'Y'),
(679, 11, 43, 17, 24, '11/20/2022', 'Y'),
(680, 11, 44, 18, 23, '11/20/2022', 'Y'),
(681, 11, 45, 19, 22, '11/20/2022', 'Y'),
(682, 11, 46, 20, 21, '11/20/2022', 'Y'),
(683, 11, 47, 17, 24, '11/20/2022', 'Y'),
(684, 11, 48, 18, 23, '11/20/2022', 'Y'),
(685, 11, 49, 19, 22, '11/20/2022', 'Y'),
(686, 11, 50, 20, 21, '11/20/2022', 'Y'),
(687, 11, 51, 17, 24, '11/20/2022', 'Y'),
(688, 11, 52, 18, 23, '11/20/2022', 'Y'),
(689, 11, 53, 19, 22, '11/20/2022', 'Y'),
(690, 11, 54, 20, 21, '11/20/2022', 'Y'),
(691, 11, 55, 17, 24, '11/20/2022', 'Y'),
(692, 11, 56, 18, 23, '11/20/2022', 'Y'),
(693, 11, 57, 19, 22, '11/20/2022', 'Y'),
(694, 11, 58, 20, 21, '11/20/2022', 'Y'),
(695, 11, 59, 17, 24, '11/20/2022', 'Y'),
(696, 11, 60, 18, 23, '11/20/2022', 'Y'),
(697, 11, 61, 19, 22, '11/20/2022', 'Y'),
(698, 11, 62, 20, 21, '11/20/2022', 'Y'),
(699, 11, 63, 17, 24, '11/20/2022', 'Y'),
(700, 11, 64, 18, 23, '11/20/2022', 'Y'),
(703, 15, 3, 25, 32, '11/20/2022', 'Y'),
(704, 15, 4, 26, 31, '11/20/2022', 'Y'),
(705, 15, 5, 27, 30, '11/20/2022', 'Y'),
(706, 15, 6, 28, 29, '11/20/2022', 'Y'),
(707, 15, 7, 25, 32, '11/20/2022', 'Y'),
(708, 15, 8, 26, 31, '11/20/2022', 'Y'),
(709, 15, 9, 27, 30, '11/20/2022', 'Y'),
(710, 15, 10, 28, 29, '11/20/2022', 'Y'),
(711, 15, 11, 25, 32, '11/20/2022', 'Y'),
(712, 15, 12, 26, 31, '11/20/2022', 'Y'),
(713, 15, 13, 27, 30, '11/20/2022', 'Y'),
(714, 15, 14, 28, 29, '11/20/2022', 'Y'),
(715, 15, 15, 25, 32, '11/20/2022', 'Y'),
(716, 15, 16, 26, 31, '11/20/2022', 'Y'),
(717, 15, 17, 27, 30, '11/20/2022', 'Y'),
(718, 15, 18, 28, 29, '11/20/2022', 'Y'),
(719, 15, 19, 25, 32, '11/20/2022', 'Y'),
(720, 15, 20, 26, 31, '11/20/2022', 'Y'),
(721, 15, 21, 27, 30, '11/20/2022', 'Y'),
(722, 15, 22, 28, 29, '11/20/2022', 'Y'),
(723, 15, 23, 25, 32, '11/20/2022', 'Y'),
(724, 15, 24, 26, 31, '11/20/2022', 'Y'),
(725, 15, 25, 27, 30, '11/20/2022', 'Y'),
(726, 15, 26, 28, 29, '11/20/2022', 'Y'),
(727, 15, 27, 25, 32, '11/20/2022', 'Y'),
(728, 15, 28, 26, 31, '11/20/2022', 'Y'),
(729, 15, 29, 27, 30, '11/20/2022', 'Y'),
(730, 15, 30, 28, 29, '11/20/2022', 'Y'),
(731, 15, 31, 25, 32, '11/20/2022', 'Y'),
(732, 15, 32, 26, 31, '11/20/2022', 'Y'),
(733, 15, 33, 27, 30, '11/20/2022', 'Y'),
(734, 15, 34, 28, 29, '11/20/2022', 'Y'),
(735, 15, 35, 25, 32, '11/20/2022', 'Y'),
(736, 15, 36, 26, 31, '11/20/2022', 'Y'),
(737, 15, 37, 27, 30, '11/20/2022', 'Y'),
(738, 15, 38, 28, 29, '11/20/2022', 'Y'),
(739, 15, 39, 25, 32, '11/20/2022', 'Y'),
(740, 15, 40, 26, 31, '11/20/2022', 'Y'),
(741, 15, 41, 27, 30, '11/20/2022', 'Y'),
(742, 15, 42, 28, 29, '11/20/2022', 'Y'),
(743, 15, 43, 25, 32, '11/20/2022', 'Y'),
(744, 15, 44, 26, 31, '11/20/2022', 'Y'),
(745, 15, 45, 27, 30, '11/20/2022', 'Y'),
(746, 15, 46, 28, 29, '11/20/2022', 'Y'),
(747, 15, 47, 25, 32, '11/20/2022', 'Y'),
(748, 15, 48, 26, 31, '11/20/2022', 'Y'),
(749, 15, 49, 27, 30, '11/20/2022', 'Y'),
(750, 15, 50, 28, 29, '11/20/2022', 'Y'),
(751, 15, 51, 25, 32, '11/20/2022', 'Y'),
(752, 15, 52, 26, 31, '11/20/2022', 'Y'),
(753, 15, 53, 27, 30, '11/20/2022', 'Y'),
(754, 15, 54, 28, 29, '11/20/2022', 'Y'),
(755, 15, 55, 25, 32, '11/20/2022', 'Y'),
(756, 15, 56, 26, 31, '11/20/2022', 'Y'),
(757, 15, 57, 27, 30, '11/20/2022', 'Y'),
(758, 15, 58, 28, 29, '11/20/2022', 'Y'),
(759, 15, 59, 25, 32, '11/20/2022', 'Y'),
(760, 15, 60, 26, 31, '11/20/2022', 'Y'),
(761, 15, 61, 27, 30, '11/20/2022', 'Y'),
(762, 15, 62, 28, 29, '11/20/2022', 'Y'),
(763, 15, 63, 25, 32, '11/20/2022', 'Y'),
(764, 15, 64, 26, 31, '11/20/2022', 'Y'),


(765, 4, 1, 4, 8, '11/20/2022', 'Y'),
(766, 4, 2, 3, 7, '11/20/2022', 'Y'),
(767, 4, 3, 2, 6, '11/20/2022', 'Y'),
(768, 4, 4, 1, 5, '11/20/2022', 'Y'),
(769, 4, 5, 4, 8, '11/20/2022', 'Y'),
(770, 4, 6, 3, 7, '11/20/2022', 'Y'),
(771, 4, 7, 2, 6, '11/20/2022', 'Y'),
(772, 4, 8, 1, 5, '11/20/2022', 'Y'),
(773, 4, 9, 4, 8, '11/20/2022', 'Y'),
(774, 4, 10, 3, 7, '11/20/2022', 'Y'),
(775, 4, 11, 2, 6, '11/20/2022', 'Y'),
(776, 4, 12, 1, 5, '11/20/2022', 'Y'),
(777, 4, 13, 4, 8, '11/20/2022', 'Y'),
(778, 4, 14, 3, 7, '11/20/2022', 'Y'),
(779, 4, 15, 2, 6, '11/20/2022', 'Y'),
(780, 4, 16, 1, 5, '11/20/2022', 'Y'),
(781, 4, 17, 4, 8, '11/20/2022', 'Y'),
(782, 4, 18, 3, 7, '11/20/2022', 'Y'),
(783, 4, 19, 2, 6, '11/20/2022', 'Y'),
(784, 4, 20, 1, 5, '11/20/2022', 'Y'),
(785, 4, 21, 4, 8, '11/20/2022', 'Y'),
(786, 4, 22, 3, 7, '11/20/2022', 'Y'),
(787, 4, 23, 2, 6, '11/20/2022', 'Y'),
(788, 4, 24, 1, 5, '11/20/2022', 'Y'),
(789, 4, 25, 4, 8, '11/20/2022', 'Y'),
(790, 4, 26, 3, 7, '11/20/2022', 'Y'),
(791, 4, 27, 2, 6, '11/20/2022', 'Y'),
(792, 4, 28, 1, 5, '11/20/2022', 'Y'),
(793, 4, 29, 4, 8, '11/20/2022', 'Y'),
(794, 4, 30, 3, 7, '11/20/2022', 'Y'),
(795, 4, 31, 2, 6, '11/20/2022', 'Y'),
(796, 4, 32, 1, 5, '11/20/2022', 'Y'),
(797, 4, 33, 4, 8, '11/20/2022', 'Y'),
(798, 4, 34, 3, 7, '11/20/2022', 'Y'),
(799, 4, 35, 2, 6, '11/20/2022', 'Y'),
(800, 4, 36, 1, 5, '11/20/2022', 'Y'),
(801, 4, 37, 4, 8, '11/20/2022', 'Y'),
(802, 4, 38, 3, 7, '11/20/2022', 'Y'),
(803, 4, 39, 2, 6, '11/20/2022', 'Y'),
(804, 4, 40, 1, 5, '11/20/2022', 'Y'),
(805, 4, 41, 4, 8, '11/20/2022', 'Y'),
(806, 4, 42, 3, 7, '11/20/2022', 'Y'),
(807, 4, 43, 2, 6, '11/20/2022', 'Y'),
(808, 4, 44, 1, 5, '11/20/2022', 'Y'),
(809, 4, 45, 4, 8, '11/20/2022', 'Y'),
(810, 4, 46, 3, 7, '11/20/2022', 'Y'),
(811, 4, 47, 2, 6, '11/20/2022', 'Y'),
(812, 4, 48, 1, 5, '11/20/2022', 'Y'),
(813, 4, 49, 4, 8, '11/20/2022', 'Y'),
(814, 4, 50, 3, 7, '11/20/2022', 'Y'),
(815, 4, 51, 2, 6, '11/20/2022', 'Y'),
(816, 4, 52, 1, 5, '11/20/2022', 'Y'),
(817, 4, 53, 4, 8, '11/20/2022', 'Y'),
(818, 4, 54, 3, 7, '11/20/2022', 'Y'),
(819, 4, 55, 2, 6, '11/20/2022', 'Y'),
(820, 4, 56, 1, 5, '11/20/2022', 'Y'),
(821, 4, 57, 4, 8, '11/20/2022', 'Y'),
(822, 4, 58, 3, 7, '11/20/2022', 'Y'),
(823, 4, 59, 2, 6, '11/20/2022', 'Y'),
(824, 4, 60, 1, 5, '11/20/2022', 'Y'),
(825, 4, 61, 4, 8, '11/20/2022', 'Y'),
(826, 4, 62, 3, 7, '11/20/2022', 'Y'),
(827, 4, 63, 2, 6, '11/20/2022', 'Y'),
(828, 4, 64, 1, 5, '11/20/2022', 'Y'),
(829, 8, 1, 12, 16, '11/20/2022', 'Y'),
(830, 8, 2, 11, 15, '11/20/2022', 'Y'),
(831, 8, 3, 10, 14, '11/20/2022', 'Y'),
(832, 8, 4, 9, 13, '11/20/2022', 'Y'),
(833, 8, 5, 12, 16, '11/20/2022', 'Y'),
(834, 8, 6, 11, 15, '11/20/2022', 'Y'),
(835, 8, 7, 10, 14, '11/20/2022', 'Y'),
(836, 8, 8, 9, 13, '11/20/2022', 'Y'),
(837, 8, 9, 12, 16, '11/20/2022', 'Y'),
(838, 8, 10, 11, 15, '11/20/2022', 'Y'),
(839, 8, 11, 10, 14, '11/20/2022', 'Y'),
(840, 8, 12, 9, 13, '11/20/2022', 'Y'),
(841, 8, 13, 12, 16, '11/20/2022', 'Y'),
(842, 8, 14, 11, 15, '11/20/2022', 'Y'),
(843, 8, 15, 10, 14, '11/20/2022', 'Y'),
(844, 8, 16, 9, 13, '11/20/2022', 'Y'),
(845, 8, 17, 12, 16, '11/20/2022', 'Y'),
(846, 8, 18, 11, 15, '11/20/2022', 'Y'),
(847, 8, 19, 10, 14, '11/20/2022', 'Y'),
(848, 8, 20, 9, 13, '11/20/2022', 'Y'),
(849, 8, 21, 12, 16, '11/20/2022', 'Y'),
(850, 8, 22, 11, 15, '11/20/2022', 'Y'),
(851, 8, 23, 10, 14, '11/20/2022', 'Y'),
(852, 8, 24, 9, 13, '11/20/2022', 'Y'),
(853, 8, 25, 12, 16, '11/20/2022', 'Y'),
(854, 8, 26, 11, 15, '11/20/2022', 'Y'),
(855, 8, 27, 10, 14, '11/20/2022', 'Y'),
(856, 8, 28, 9, 13, '11/20/2022', 'Y'),
(857, 8, 29, 12, 16, '11/20/2022', 'Y'),
(858, 8, 30, 11, 15, '11/20/2022', 'Y'),
(859, 8, 31, 10, 14, '11/20/2022', 'Y'),
(860, 8, 32, 9, 13, '11/20/2022', 'Y'),
(861, 8, 33, 12, 16, '11/20/2022', 'Y'),
(862, 8, 34, 11, 15, '11/20/2022', 'Y'),
(863, 8, 35, 10, 14, '11/20/2022', 'Y'),
(864, 8, 36, 9, 13, '11/20/2022', 'Y'),
(865, 8, 37, 12, 16, '11/20/2022', 'Y'),
(866, 8, 38, 11, 15, '11/20/2022', 'Y'),
(867, 8, 39, 10, 14, '11/20/2022', 'Y'),
(868, 8, 40, 9, 13, '11/20/2022', 'Y'),
(869, 8, 41, 12, 16, '11/20/2022', 'Y'),
(870, 8, 42, 11, 15, '11/20/2022', 'Y'),
(871, 8, 43, 10, 14, '11/20/2022', 'Y'),
(872, 8, 44, 9, 13, '11/20/2022', 'Y'),
(873, 8, 45, 12, 16, '11/20/2022', 'Y'),
(874, 8, 46, 11, 15, '11/20/2022', 'Y'),
(875, 8, 47, 10, 14, '11/20/2022', 'Y'),
(876, 8, 48, 9, 13, '11/20/2022', 'Y'),
(877, 8, 49, 12, 16, '11/20/2022', 'Y'),
(878, 8, 50, 11, 15, '11/20/2022', 'Y'),
(879, 8, 51, 10, 14, '11/20/2022', 'Y'),
(880, 8, 52, 9, 13, '11/20/2022', 'Y'),
(881, 8, 53, 12, 16, '11/20/2022', 'Y'),
(882, 8, 54, 11, 15, '11/20/2022', 'Y'),
(883, 8, 55, 10, 14, '11/20/2022', 'Y'),
(884, 8, 56, 9, 13, '11/20/2022', 'Y'),
(885, 8, 57, 12, 16, '11/20/2022', 'Y'),
(886, 8, 58, 11, 15, '11/20/2022', 'Y'),
(887, 8, 59, 10, 14, '11/20/2022', 'Y'),
(888, 8, 60, 9, 13, '11/20/2022', 'Y'),
(889, 8, 61, 12, 16, '11/20/2022', 'Y'),
(890, 8, 62, 11, 15, '11/20/2022', 'Y'),
(891, 8, 63, 10, 14, '11/20/2022', 'Y'),
(892, 8, 64, 9, 13, '11/20/2022', 'Y'),
(893, 12, 1, 20, 24, '11/20/2022', 'Y'),
(894, 12, 2, 19, 23, '11/20/2022', 'Y'),
(895, 12, 3, 18, 22, '11/20/2022', 'Y'),
(896, 12, 4, 17, 21, '11/20/2022', 'Y'),
(897, 12, 5, 20, 24, '11/20/2022', 'Y'),
(898, 12, 6, 19, 23, '11/20/2022', 'Y'),
(899, 12, 7, 18, 22, '11/20/2022', 'Y'),
(900, 12, 8, 17, 21, '11/20/2022', 'Y'),
(901, 12, 9, 20, 24, '11/20/2022', 'Y'),
(902, 12, 10, 19, 23, '11/20/2022', 'Y'),
(903, 12, 11, 18, 22, '11/20/2022', 'Y'),
(904, 12, 12, 17, 21, '11/20/2022', 'Y'),
(905, 12, 13, 20, 24, '11/20/2022', 'Y'),
(906, 12, 14, 19, 23, '11/20/2022', 'Y'),
(907, 12, 15, 18, 22, '11/20/2022', 'Y'),
(908, 12, 16, 17, 21, '11/20/2022', 'Y'),
(909, 12, 17, 20, 24, '11/20/2022', 'Y'),
(910, 12, 18, 19, 23, '11/20/2022', 'Y'),
(911, 12, 19, 18, 22, '11/20/2022', 'Y'),
(912, 12, 20, 17, 21, '11/20/2022', 'Y'),
(913, 12, 21, 20, 24, '11/20/2022', 'Y'),
(914, 12, 22, 19, 23, '11/20/2022', 'Y'),
(915, 12, 23, 18, 22, '11/20/2022', 'Y'),
(916, 12, 24, 17, 21, '11/20/2022', 'Y'),
(917, 12, 25, 20, 24, '11/20/2022', 'Y'),
(918, 12, 26, 19, 23, '11/20/2022', 'Y'),
(919, 12, 27, 18, 22, '11/20/2022', 'Y'),
(920, 12, 28, 17, 21, '11/20/2022', 'Y'),
(921, 12, 29, 20, 24, '11/20/2022', 'Y'),
(922, 12, 30, 19, 23, '11/20/2022', 'Y'),
(923, 12, 31, 18, 22, '11/20/2022', 'Y'),
(924, 12, 32, 17, 21, '11/20/2022', 'Y'),
(925, 12, 33, 20, 24, '11/20/2022', 'Y'),
(926, 12, 34, 19, 23, '11/20/2022', 'Y'),
(927, 12, 35, 18, 22, '11/20/2022', 'Y'),
(928, 12, 36, 17, 21, '11/20/2022', 'Y'),
(929, 12, 37, 20, 24, '11/20/2022', 'Y'),
(930, 12, 38, 19, 23, '11/20/2022', 'Y'),
(931, 12, 39, 18, 22, '11/20/2022', 'Y'),
(932, 12, 40, 17, 21, '11/20/2022', 'Y'),
(933, 12, 41, 20, 24, '11/20/2022', 'Y'),
(934, 12, 42, 19, 23, '11/20/2022', 'Y'),
(935, 12, 43, 18, 22, '11/20/2022', 'Y'),
(936, 12, 44, 17, 21, '11/20/2022', 'Y'),
(937, 12, 45, 20, 24, '11/20/2022', 'Y'),
(938, 12, 46, 19, 23, '11/20/2022', 'Y'),
(939, 12, 47, 18, 22, '11/20/2022', 'Y'),
(940, 12, 48, 17, 21, '11/20/2022', 'Y'),
(941, 12, 49, 20, 24, '11/20/2022', 'Y'),
(942, 12, 50, 19, 23, '11/20/2022', 'Y'),
(943, 12, 51, 18, 22, '11/20/2022', 'Y'),
(944, 12, 52, 17, 21, '11/20/2022', 'Y'),
(945, 12, 53, 20, 24, '11/20/2022', 'Y'),
(946, 12, 54, 19, 23, '11/20/2022', 'Y'),
(947, 12, 55, 18, 22, '11/20/2022', 'Y'),
(948, 12, 56, 17, 21, '11/20/2022', 'Y'),
(949, 12, 57, 20, 24, '11/20/2022', 'Y'),
(950, 12, 58, 19, 23, '11/20/2022', 'Y'),
(951, 12, 59, 18, 22, '11/20/2022', 'Y'),
(952, 12, 60, 17, 21, '11/20/2022', 'Y'),
(953, 12, 61, 20, 24, '11/20/2022', 'Y'),
(954, 12, 62, 19, 23, '11/20/2022', 'Y'),
(955, 12, 63, 18, 22, '11/20/2022', 'Y'),
(956, 12, 64, 17, 21, '11/20/2022', 'Y'),
(957, 16, 1, 28, 32, '11/20/2022', 'Y'),
(958, 16, 2, 27, 31, '11/20/2022', 'Y'),
(959, 16, 3, 26, 30, '11/20/2022', 'Y'),
(960, 16, 4, 25, 29, '11/20/2022', 'Y'),
(961, 16, 5, 28, 32, '11/20/2022', 'Y'),
(962, 16, 6, 27, 31, '11/20/2022', 'Y'),
(963, 16, 7, 26, 30, '11/20/2022', 'Y'),
(964, 16, 8, 25, 29, '11/20/2022', 'Y'),
(965, 16, 9, 28, 32, '11/20/2022', 'Y'),
(966, 16, 10, 27, 31, '11/20/2022', 'Y'),
(967, 16, 11, 26, 30, '11/20/2022', 'Y'),
(968, 16, 12, 25, 29, '11/20/2022', 'Y'),
(969, 16, 13, 28, 32, '11/20/2022', 'Y'),
(970, 16, 14, 27, 31, '11/20/2022', 'Y'),
(971, 16, 15, 26, 30, '11/20/2022', 'Y'),
(972, 16, 16, 25, 29, '11/20/2022', 'Y'),
(973, 16, 17, 28, 32, '11/20/2022', 'Y'),
(974, 16, 18, 27, 31, '11/20/2022', 'Y'),
(975, 16, 19, 26, 30, '11/20/2022', 'Y'),
(976, 16, 20, 25, 29, '11/20/2022', 'Y'),
(977, 16, 21, 28, 32, '11/20/2022', 'Y'),
(978, 16, 22, 27, 31, '11/20/2022', 'Y'),
(979, 16, 23, 26, 30, '11/20/2022', 'Y'),
(980, 16, 24, 25, 29, '11/20/2022', 'Y'),
(981, 16, 25, 28, 32, '11/20/2022', 'Y'),
(982, 16, 26, 27, 31, '11/20/2022', 'Y'),
(983, 16, 27, 26, 30, '11/20/2022', 'Y'),
(984, 16, 28, 25, 29, '11/20/2022', 'Y'),
(985, 16, 29, 28, 32, '11/20/2022', 'Y'),
(986, 16, 30, 27, 31, '11/20/2022', 'Y'),
(987, 16, 31, 26, 30, '11/20/2022', 'Y'),
(988, 16, 32, 25, 29, '11/20/2022', 'Y'),
(989, 16, 33, 28, 32, '11/20/2022', 'Y'),
(990, 16, 34, 27, 31, '11/20/2022', 'Y'),
(991, 16, 35, 26, 30, '11/20/2022', 'Y'),
(992, 16, 36, 25, 29, '11/20/2022', 'Y'),
(993, 16, 37, 28, 32, '11/20/2022', 'Y'),
(994, 16, 38, 27, 31, '11/20/2022', 'Y'),
(995, 16, 39, 26, 30, '11/20/2022', 'Y'),
(996, 16, 40, 25, 29, '11/20/2022', 'Y'),
(997, 16, 41, 28, 32, '11/20/2022', 'Y'),
(998, 16, 42, 27, 31, '11/20/2022', 'Y'),
(999, 16, 43, 26, 30, '11/20/2022', 'Y'),
(1000, 16, 44, 25, 29, '11/20/2022', 'Y'),
(1001, 16, 45, 28, 32, '11/20/2022', 'Y'),
(1002, 16, 46, 27, 31, '11/20/2022', 'Y'),
(1003, 16, 47, 26, 30, '11/20/2022', 'Y'),
(1004, 16, 48, 25, 29, '11/20/2022', 'Y'),
(1005, 16, 49, 28, 32, '11/20/2022', 'Y'),
(1006, 16, 50, 27, 31, '11/20/2022', 'Y'),
(1007, 16, 51, 26, 30, '11/20/2022', 'Y'),
(1008, 16, 52, 25, 29, '11/20/2022', 'Y'),
(1009, 16, 53, 28, 32, '11/20/2022', 'Y'),
(1010, 16, 54, 27, 31, '11/20/2022', 'Y'),
(1011, 16, 55, 26, 30, '11/20/2022', 'Y'),
(1012, 16, 56, 25, 29, '11/20/2022', 'Y'),
(1013, 16, 57, 28, 32, '11/20/2022', 'Y'),
(1014, 16, 58, 27, 31, '11/20/2022', 'Y'),
(1015, 16, 59, 26, 30, '11/20/2022', 'Y'),
(1016, 16, 60, 25, 29, '11/20/2022', 'Y'),
(1017, 16, 61, 28, 32, '11/20/2022', 'Y'),
(1018, 16, 62, 27, 31, '11/20/2022', 'Y'),
(1019, 16, 63, 26, 30, '11/20/2022', 'Y'),
(1020, 16, 64, 25, 29, '11/20/2022', 'Y'),




